S.No,Name,Day Change %,Sector,No. of Companies,Advances,Declines,Advances/ Declines Ratio,Industry Score,Week Change %,Month Change %,Qtr Change %,Half Yr Change %,1Yr Change %,3Yr Change %,5Yr Change %,10Yr Change %,PE TTM,PE to Growth TTM,Price to Book TTM,Revenue growth Qtr YoY%,Net Profit growth Qtr YoY%,Revenue growth Qtr QoQ%,Net Profit growth Qtr QoQ%,Return on Equity Annual,ROA Annual,Dividend yield
1,Waste Management,4.69,Utilities,7,6,1,6,38.96,18.05,11.66,25.02,-10.64,-29.14,95.21,148.5,207.34,26.02,63.93,2.75,-11.51,-55.01,12.29,138.72,10.6,6.93,0.15
2,Compressors & Pumps,4.57,General & Industrial Manufacturing,11,10,1,10,54.81,14.28,17.93,39.11,32.99,16.41,141.51,286.39,761.38,45.72,12.28,10.21,15.56,2.08,12.47,14.04,21.38,13.48,0.57
3,IT Training Services,3.46,Software & Services,7,4,3,1.3333,49.06,10.11,23.98,66.08,24.92,1.67,42.19,40.82,82.47,22.15,0.37,2.52,6.27,-81.13,-4.01,-79.04,8.83,5.05,0.81
4,Computer Hardware,2.68,Hardware Technology & Equipment,17,13,4,3.25,54.06,14.25,11.11,27.28,38.93,71.89,"1,282.26","1,279.20","1,229.62",38.87,15.02,6.13,17.34,-71.16,33.55,-2.92,15.08,9.46,0.19
5,Refineries/Petro-Products,2.08,Oil & Gas,10,7,3,2.3333,56.36,3.36,0.01,-3.17,-13.57,-6.73,16.36,32.54,425.66,19.88,1.2,1.89,8.49,7.69,5.39,-6.14,10.98,4.45,1.45
6,Other Leisure Facilities,1.86,Diversified Consumer Services,4,2,2,1,43.22,4.26,1.02,8.98,-6.78,-27.04,-26.38,190.75,-4.44,31.08,1.08,1.67,3.13,-85.79,1.08,14.22,3.12,2.82,0.67
7,Special Consumer Services,1.78,Diversified Consumer Services,15,9,6,1.5,40.51,4.78,8.94,20.5,1.27,10.77,13.14,15.87,15.86,26.39,1.66,12.74,30.26,"-2,656.66",8.13,-224.86,15.11,1.52,0.01
8,Advertising & Media,1.76,Media,17,12,5,2.4,45.16,1.62,-4.48,16.99,2.52,-7.61,18.21,46.5,309.48,21.88,1.57,7,17.38,21.17,-0.47,14.42,13.39,7.23,0.21
9,Shipping,1.73,Transportation,12,9,3,3,60.28,4.76,-2.33,17.13,44.31,218.5,"16,973.70","6,010.10",831.05,16.75,0.9,29.07,31.32,127.85,9.84,24.05,16.11,12.25,1.82
10,IT Software Products,1.7,Software & Services,37,29,8,3.625,45.1,3.59,12.55,33.41,0.88,9.5,59.54,143.52,196.3,45.6,4.11,5.21,28.79,16.17,11.99,144.06,11.84,6.7,0.83
11,Hotels,1.63,Hotels Restaurants & Tourism,61,39,22,1.7727,54.94,9.21,9.87,32.72,13.73,10.3,87.06,252.86,247.61,42.01,3.9,6.12,9.76,54.97,1.3,30.41,17.71,11.32,0.29
12,Restaurants,1.61,Hotels Restaurants & Tourism,12,11,1,11,53,6.76,8.8,15.35,0.16,-15.64,-15.13,-6.31,119.13,53.72,1.46,10.36,16.21,847.54,-0.25,30.71,20.56,9.02,0.12
13,Roads & Highways,1.61,Cement and Construction,15,12,3,4,50.5,6.1,-1.18,8.68,-2.05,-15.96,40.01,123.23,262.45,6.83,1.22,1.05,-12.57,-88.81,11.83,-91.55,10.56,4.88,0.46
14,Specialty Retail,1.61,Retailing,22,16,6,2.6667,48.22,5.72,3.65,16.48,-8.14,-9.36,109.87,385.6,28.73,53.06,4.94,7.12,12.92,4.61,-4.65,-685.34,12.55,5.97,0.47
15,Investment Companies,1.58,Others,21,17,4,4.25,46.74,3.64,6.87,13.31,-4.57,-5.09,220.65,350.24,564.4,34.74,1.01,1.11,129.07,0.6,2.65,67.78,3.74,3.31,1.44
16,Electronic Components,1.49,Commercial Services & Supplies,24,20,4,5,44.65,3.49,14.61,46.8,47.54,58.34,444.26,721.5,"1,081.20",75.27,11.41,15.12,8.3,72.97,9.54,"1,364.56",14.95,7.82,0.06
17,Petrochemicals,1.48,Chemicals & Petrochemicals,11,9,2,4.5,58.69,5.02,13.95,31.26,24.53,5.14,40,67.52,534.03,32.88,0.2,3.75,6.11,"1,028.29",9.76,246.42,9.59,6.59,1.05
18,Other Telecom Services,1.47,Telecom Services,9,7,2,3.5,55.16,1.24,-0.89,7.3,-1.81,1.48,123.57,96.63,142.52,33.5,2.65,8.3,6.26,-5.76,2.18,17.46,22.46,8.41,0.41
19,Telecom Cables,1.47,Telecommunications Equipment,6,5,1,5,65.65,17.7,50.77,210.71,366.84,313.95,265.68,206.02,858.88,92.18,2.55,9.75,69.42,555.89,38.05,129.32,4.94,2.41,0.02
20,Internet Software & Services,1.44,Software & Services,38,31,7,4.4286,50.18,5.29,0.03,13.99,-6.32,3.3,163.93,391.16,852.05,34.52,3.41,5.93,28.43,322.7,-0.23,-8.11,7.57,5.9,0.1
21,Construction Materials,1.37,Cement and Construction,22,13,9,1.4444,51.28,7.15,5.73,16.79,5.75,20.37,108.3,450.64,935.19,29.96,0.14,3.82,17.86,7.1,24.49,15.05,12.99,7.08,0.08
22,Warehousing & Logistics,1.26,Transportation,52,38,14,2.7143,48.67,6.22,2.68,20.23,12.69,11.4,23.83,20.49,40.38,29.1,3.56,4.03,-8.79,100.74,1.91,-3.66,8.41,5.2,0.86
23,Oil Marketing & Distribution,1.2,Oil & Gas,14,11,3,3.6667,65.55,4.26,9.42,12.15,-0.11,6.04,72.36,91.1,182.24,10.81,1.1,2.19,5.39,69.03,1.07,14.86,20.47,10.17,5.63
24,Auto Tyres & Rubber Products,1.17,Automobiles & Auto Components,24,19,5,3.8,59.52,7.27,6.71,4.68,-9.63,-0.84,28.18,73.74,350.57,25.08,0.7,2.85,13.97,45.28,0.24,-2.15,11.22,6.49,0.79
25,General Insurance,1.14,Banking and Finance,6,5,1,5,49.73,10.21,5.54,14.1,6.68,3.49,51.96,29.86,51.2,30.96,1.72,3.82,8.47,16.18,3.9,45.53,12.76,3.17,1.01
26,Other Food & Beverages,-1.13,"Food, Beverages & Tobacco",54,39,15,2.6,60.32,-0.58,-0.88,23.74,9.44,18.17,93.25,392.6,"1,576.88",49.9,3.48,16.12,15.93,-32.38,-2.53,-4.29,15.58,11.37,0.3
27,Oil Equipment & Services,1.12,Oil & Gas,7,5,2,2.5,58.14,0.31,1.77,19.23,10.55,12.59,733.57,"1,145.21","1,494.54",23.28,0.56,2.65,38.99,127.38,39.16,-55.94,11.62,7.47,0.43
28,Consulting Services,1.1,Commercial Services & Supplies,26,18,8,2.25,33.23,6.67,6.59,38.15,34.66,29.65,82.13,130.1,106.34,20.31,5.29,6.08,-1.32,-37.12,4.88,-22.99,23.7,15.16,0.75
29,Other Industrial Goods,1.09,General Industrials,16,14,2,7,57.81,5.42,1.05,33,19.25,20.61,57.34,339.23,896.05,39.05,1.86,11.8,14.02,31.62,11.47,10.85,28.41,18.48,1.02
30,Furniture-Furnishing,1.08,Diversified Consumer Services,19,14,5,2.8,47.67,4.22,8.49,19.28,1.29,-2.03,17.24,61.64,131.01,41.23,20.12,4.19,19.12,251,6.36,120.22,9.87,6.54,0.06
31,Financial Institutions,1.04,Banking and Finance,9,6,3,2,48.61,3.74,4.71,10.76,10.02,-6.53,205.4,309.91,401.63,11.06,2.47,1.71,0.97,5.67,0.41,8.23,15.93,1.95,2.98
32,IT Consulting & Software,1.01,Software & Services,141,105,36,2.9167,48.91,0.35,-4.39,-2.44,-25.68,-19.92,28.93,46.29,308.54,20.42,10.05,6.38,11.77,22.05,3.48,25.23,29.92,18.14,4.11
33,Misc. Commercial Services,1,Commercial Services & Supplies,58,43,15,2.8667,52.03,2,7.78,34.64,15.07,20.15,"1,14,797.92","24,016.07","1,31,464.68",25.61,0.94,4.39,18.01,339.77,8.16,64.87,17.88,13.16,0.58
34,Distributors,-0.98,Commercial Services & Supplies,10,7,3,2.3333,29.29,7.41,6.77,22.75,8.86,39.63,208.72,"1,011.19","2,156.35",18.02,519.9,3.9,6.11,-40.57,2.49,-58.51,13.43,7.2,0.06
35,2/3 Wheelers,0.94,Automobiles & Auto Components,12,8,4,2,54.62,2.41,2.94,9.71,5.94,33.13,120.34,207.59,410.69,34.34,1.25,9.46,31.05,75.76,4.81,19.3,26.74,13.36,1.97
36,Airlines,-0.92,Transportation,5,2,3,0.6667,35.66,5.62,12.93,19.75,-3.84,-7.66,100.03,188.06,379.65,16.68,0.61,27.61,1.96,-189.51,-1.74,"-3,822.45",19.2,10.48,0.2
37,Other Agricultural Products,0.92,"Food, Beverages & Tobacco",47,35,12,2.9167,56.43,1.92,-0.4,9.34,0.73,-3.49,63,133.87,500.03,19.61,3.12,3.12,19.8,-17.22,0.88,2.74,15.37,8.28,0.75
38,Commodity Printing/Stationery,0.91,Commercial Services & Supplies,9,8,1,8,54.91,1.13,0.22,0.56,-9.38,-5.42,136.73,146.67,144.45,50.24,3.57,8.96,14.86,26.98,11.31,3.65,16.86,12.17,0.23
39,Castings & Forgings,0.9,General & Industrial Manufacturing,21,16,5,3.2,62.71,6.55,9.51,24.17,33.92,47.41,108.53,176.12,394.01,65.46,3.74,7.86,15.96,-5.84,6.26,13.91,12.36,8.12,0.36
40,Aluminium and Aluminium Products,0.88,Metals & Mining,21,16,5,3.2,37.84,83.35,78.97,79.7,86.05,112.23,180.47,216.5,494.54,13.32,0.73,136.64,-2.44,1.74,13.94,17.78,13.75,7.78,2.77
41,Plastic Products,0.87,General Industrials,73,49,24,2.0417,53.28,2.65,4.26,2.93,7.78,-1.67,89.8,157.4,435.82,34.23,15.47,7.26,11.81,29.02,19.62,89.37,14.11,10.27,0.69
42,Containers & Packaging,0.83,Commercial Services & Supplies,61,36,25,1.44,59.84,7.37,12.88,38.47,35.51,16.48,214.47,303.28,554.26,28.38,7.92,3.2,1.33,6.97,10.58,58.62,10.47,6.94,0.66
43,Telecom Equipment,0.81,Telecommunications Equipment,13,9,4,2.25,45.67,5.26,15.1,28.84,13.15,4.63,138.28,266.14,698.42,110.11,1.49,11.69,-46.58,541.27,3.89,822.79,13.91,5.09,0.02
44,Coal & Mining,0.78,Metals & Mining,15,13,2,6.5,51.73,2.15,1.46,11.52,22.95,28.28,250.09,481.37,481.6,13.64,0.7,3.48,35.13,24.53,34.25,45.07,22.99,10.44,3.66
45,Auto Parts & Equipment,0.77,Automobiles & Auto Components,123,101,22,4.5909,57.21,4.15,8.18,23.29,13.57,30.69,109.84,201.98,524.46,40.09,7.74,6.79,21.06,33.37,9.35,31.68,15.27,8.03,0.55
46,Sugar,0.74,"Food, Beverages & Tobacco",39,28,11,2.5455,53.02,1.71,2.27,10.04,9.06,-4.91,20.43,55.11,205.57,30.88,0.92,2.48,-6.39,-12.76,10.46,204.17,7.37,4.26,0.54
47,Other Financial Services,0.73,Banking and Finance,106,77,29,2.6552,48.14,6.89,8.22,11.32,-2.33,36.08,285.38,468.7,980.86,38.85,4.04,92.7,20.16,588.49,-13.59,-38.23,17.64,11.13,0.7
48,Commercial Vehicles,0.69,Automobiles & Auto Components,14,13,1,13,48.87,4.06,5.26,1.3,-1.02,32.36,70.74,215.69,692.7,42.75,3.06,8.18,16.43,12.55,17.12,79.68,20.86,6.24,1.15
49,Household Appliances,0.69,Consumer Durables,15,10,5,2,51.24,4.9,3.45,13.73,-1.14,-16.09,2.53,29.37,170.26,42.42,1.12,5.18,8.65,-179.69,14.35,-238.06,11.82,7.37,0.73
50,Ceramics,-0.69,Consumer Durables,10,7,3,2.3333,69.4,6.46,8.05,22.96,10.37,6.18,45.69,50.61,87.3,44.08,0.63,5.4,11.53,46.8,20.54,26.58,12.92,9.24,0.84
51,Exploration & Production,0.67,Oil & Gas,9,8,1,8,60.43,-1.98,-17.85,-8.96,3.77,-5.44,68.45,139.66,99.65,8.71,2.3,0.96,1.82,53.56,4.03,19.53,10.73,5.26,4.73
52,Industrial Machinery,0.65,General Industrials,92,66,26,2.5385,61.37,8.09,11.84,37.45,43.05,72.98,727.06,"1,301.26",888.2,76.47,3.91,25.69,16.01,6.96,10.2,40.48,27.71,14.62,0.51
53,Agrochemicals,0.64,Chemicals & Petrochemicals,33,25,8,3.125,53.18,0.51,-0.19,3.91,-7.9,-13.9,1.66,10.95,200.84,28.8,1.96,3.58,14.29,17.34,34.33,75.59,11.7,7.51,0.87
54,Iron & Steel Products,0.62,Metals & Mining,69,54,15,3.6,55.72,-1.06,1.57,27.8,29.59,47.54,172.9,411.29,"1,334.50",30.69,14.15,7.03,6.72,0.7,8.6,33.33,15.51,9.72,0.41
55,Broadcasting & Cable TV,0.61,Media,23,17,6,2.8333,46.99,3.72,11.43,13.36,1.17,-16.16,-8.12,-24.23,-12.71,24.9,0.78,1.44,-3.62,-364.75,-4.2,-351.22,6.69,5.95,1.66
56,Holding Companies,0.61,Diversified,15,11,4,2.75,42.27,5.35,3.14,9.66,-7,-3.35,58.27,143.11,589.16,26.61,1.9,2.69,7.78,26.34,2.08,18.66,11.45,3.27,0.31
57,Abrasives & Bearings,0.58,General & Industrial Manufacturing,9,8,1,8,61.07,9.16,8.29,23.06,21.08,11.86,12.55,183.35,440.9,70.43,4.5,9.39,6.36,-28.75,20.01,12.87,15.26,11.06,0.7
58,Biotechnology,0.57,Pharmaceuticals & Biotechnology,9,5,4,1.25,51.38,-0.43,1.54,14.86,6.36,11.9,80.65,18.95,215.29,45.93,0.88,2.85,0.61,-50.83,8.89,-2.24,3.49,2.81,0.23
59,Jute & Jute Products,0.57,Forest Materials,4,3,1,3,56.21,5.92,3.89,38.31,10.47,2.8,57.45,62.97,83.9,29.93,0.21,1.1,43.49,413.95,11.33,78.72,5.65,3.47,1.27
60,Cars & Utility Vehicles,0.56,Automobiles & Auto Components,6,4,2,2,53.15,0.01,2.26,4.68,-13.14,-4.24,69.51,170.89,235.76,23.27,10.52,4.29,4.94,-11.77,21.92,133.11,24.59,10.74,0.91
61,Marine Port & Services,-0.56,Transportation,11,8,3,2.6667,54.02,1.76,3.45,29.88,16.35,24.92,154.04,173.91,644.49,38.07,5.76,4.64,19.81,6.66,10.84,12.85,13.17,6.85,0.5
62,BPO/KPO,0.55,Software & Services,13,8,5,1.6,53.64,1.09,-1.31,11.05,-22.89,-2.39,82.06,156.64,304.92,21.95,1.23,4.05,11.33,108.75,2.02,11.31,19.31,11.05,1.72
63,Packaged Foods,0.55,FMCG,52,34,18,1.8889,56.67,2.54,1.88,11.85,3.59,8.35,23.75,83.38,348.94,63.67,5.85,35.7,15.27,31.15,7.41,26.45,50.76,22.08,0.91
64,Iron & Steel/Interm.Products,0.52,Metals & Mining,76,56,20,2.8,63.96,1.01,-0.97,12.16,22.08,34.83,121.14,182.29,"1,279.60",21.47,0.94,2.91,11.59,413.1,12.43,244.45,13.35,5.83,0.74
65,Life Insurance,0.52,Banking and Finance,6,6,0,-,48.37,8.86,5.02,5.66,-4.23,-6.83,34.54,12.39,55.66,33.56,8.06,5.47,-2.5,22.26,-10.41,76.69,22.68,0.72,0.89
66,Department Stores,0.48,Retailing,15,11,4,2.75,46.93,9.68,7.22,30.85,20.14,2.53,102.29,211.84,"1,653.16",91.37,8.17,14.94,16.75,38.28,-6.57,-36.31,16.2,11.1,0.04
67,Specialty Chemicals,0.48,Chemicals & Petrochemicals,98,73,25,2.92,57.42,3.2,5.59,20.94,10.62,8.61,44.92,141.43,614.15,51.51,5.85,7.85,10.33,22.06,8.71,28.65,14.62,9.99,0.51
68,Commodity Trading  & Distribution,-0.47,Commercial Services & Supplies,155,98,57,1.7193,55.7,4.76,12.47,50.92,30.5,30.26,136.31,252.79,"3,252.38",39.33,1.28,5.71,48.97,-80.26,20.14,-86.33,11.84,4.23,0.19
69,Houseware,0.46,Consumer Durables,7,5,2,2.5,55.31,5.53,7.45,12.39,-10.32,-12.27,-15.83,29.67,49.4,30.53,12.3,4.7,10.91,124.73,5.21,31.82,12.81,10.02,0.67
70,Realty,0.44,Realty,145,100,45,2.2222,54.91,5.43,4.49,16.86,-6.32,-14.68,99.21,215.45,466.1,36.27,8.77,4.71,37.34,47.89,38.15,25.33,11.75,5.21,0.43
71,Gems & Jewellery,-0.43,Textiles Apparels & Accessories,59,41,18,2.2778,68.4,4.94,8.72,9.32,10.17,23.93,113.73,245.14,"1,065.29",26.78,1.3,20.26,26.31,78.56,0.94,-26.01,28.93,8.3,0.24
72,Copper,0.39,Metals & Mining,9,7,2,3.5,68.44,1.28,-5.91,8.67,35.6,114.94,357.94,268.82,902.84,52.4,0.55,14.22,42.95,116.93,48.09,167.01,26.99,20.2,0.46
73,Paper & Paper Products,0.39,Commercial Services & Supplies,35,24,11,2.1818,39.32,4.3,-1.02,6.04,-8.38,-11.1,86.04,146.29,351.95,19.46,51.16,2.87,6.73,202.76,12.74,410.25,5.47,3.08,0.71
74,Green & Renewable Energy,0.39,Utilities,18,16,2,8,54.17,2.55,5.46,39.48,29.61,30.6,59.42,107.56,436.27,109.68,7.17,12.15,30.74,46.92,26.75,157.08,11.2,3.74,0.41
75,Healthcare Services,0.38,Healthcare,34,24,10,2.4,52.2,2.21,4.93,31.19,16.38,21.14,98.42,115.8,261.89,47.81,5.2,9.18,29.13,17.85,7.67,32.74,18.58,12.98,0.29
76,Other Non-Ferrous Metals,0.38,Metals & Mining,8,6,2,3,62.1,2.17,-8.69,9.76,-3.88,30.07,94.36,138.46,690.39,19.13,0.56,10.05,53.12,64.73,19.84,25.11,56.24,30.16,1.73
77,Banks,0.36,Banking and Finance,32,19,13,1.4615,52.96,1.86,7.41,5.83,-1.18,6.67,51.55,110.73,256.79,14.48,2.05,1.88,3.61,10.68,1.4,4.01,13.21,1.37,1.81
78,Fibres & Plastics,0.36,General Industrials,4,2,2,1,63.16,3.75,10.31,38.34,15,16.52,49.22,47.16,56.98,10.76,0.14,1.34,24.36,305.53,-7.52,-1.55,12.24,9.35,1.06
79,IT Networking Equipment,-0.36,Hardware Technology & Equipment,6,4,2,2,55.02,8.25,47.42,103.97,121.63,392.12,399.11,425.34,456.27,111.27,24.37,21.57,38.17,145.78,22.05,61.67,18.82,8.93,0.16
80,Consumer Electronics,-0.32,Consumer Durables,21,16,5,3.2,49.02,7.18,6.6,9.2,0.22,11.76,103.42,161.66,"1,105.26",76.03,2.06,11.25,3.5,-34.51,31.36,124.96,17.61,7.28,0.25
81,Internet & Catalogue Retail,0.32,Retailing,13,7,6,1.1667,43.76,6.62,6.17,12.48,-11.12,10.16,137.24,121.11,183.88,42.81,1.23,15.66,86.51,97.59,1.86,95.08,4.93,2.38,0.15
82,Finance (including NBFCs),0.31,Banking and Finance,212,136,76,1.7895,45.44,6.04,7.59,11.77,0.03,15.86,92.01,140.74,"1,086.67",27.31,2.18,3.79,25.56,28.98,6.05,17.32,13.72,2.99,0.35
83,Forest Products,-0.31,Forest Materials,12,5,7,0.7143,59.63,3.29,5.17,25.01,7.71,20.06,64.78,120.01,299.41,55,1.45,5.78,16.08,11.22,8.65,8.43,11.39,6.93,0.11
84,Edible Oils,0.3,FMCG,28,16,12,1.3333,49.76,-0.24,-4.52,3.36,-16.37,3.1,286.87,464.08,"3,345.21",23.46,1.67,3.18,15.98,87.98,8.82,-3.12,12.95,7.25,0.67
85,Construction & Engineering,0.29,Cement and Construction,125,84,41,2.0488,50.62,4.76,8.71,25.09,4.98,11.39,110.79,253.83,412.58,35.23,4.39,5.04,7.89,5.87,18.26,-37.81,14.61,3.69,0.73
86,Publishing,0.29,Commercial Services & Supplies,16,11,5,2.2,50.6,1.55,-0.02,10.06,-8.86,-13.08,31.83,116.61,80.84,11.44,0.58,11.57,14.24,-15.8,35.02,-17.47,392.23,311.06,3.6
87,Surface Transportation,0.29,Transportation,10,8,2,4,54.97,2.26,4.08,0.19,-9.71,-11.83,55.74,163.99,485.57,16.14,1.39,3.7,10.31,13.23,6.51,12.37,16.94,12.32,0.88
88,Telecom Services,0.29,Telecom Services,7,7,0,-,53.68,4.5,2.66,10.86,-4.58,14.05,123.06,227.3,365.71,6.16,0.13,7.78,13.75,"19,838.92",3.53,"2,453.46",17.71,6.43,0.73
89,Education,0.28,Diversified Consumer Services,23,18,5,3.6,44.93,11.35,10.47,27.14,-7.83,21.1,190.38,716.06,946.16,16.82,3.29,10.06,32.88,172.73,4.17,-30.37,21.85,13.56,0.38
90,Healthcare Facilities,-0.28,Healthcare,32,20,12,1.6667,51.52,1.46,1.38,17.97,12.81,15.72,108.34,270.47,663.19,67.99,7.86,9.69,24.14,25.75,5.14,26.73,14.11,7.36,0.18
91,Data Processing Services,0.24,Software & Services,5,5,0,-,50.62,6.68,4.02,25.78,-1.29,-6.23,72.61,87.5,194.39,40.03,27.1,12.59,14.43,6.07,6.17,-1.07,29.9,22.08,1.12
92,Fertilizers,0.24,Fertilizers,27,19,8,2.375,47.64,3.2,5.24,13.19,-2.05,-10.02,222.61,427.69,"1,633.59",21.49,3.4,131.64,18.7,-5.27,-20.67,-26.47,699.97,358.36,0.92
93,Other Apparels & Accessories,-0.24,Textiles Apparels & Accessories,55,38,17,2.2353,53.51,4.57,5.31,11.67,7.57,14.15,63.05,228.52,279.82,45.76,6.47,13.85,15,10.58,2.29,-2.08,19.55,10.09,0.48
94,Aerospace & Defence,0.23,General Industrials,28,20,8,2.5,58.71,6.79,5.94,22.41,23.62,16.29,243.3,"1,025.79","1,264.09",53.24,3.32,11.24,5.77,13.49,46.29,72.59,22.06,9.63,0.69
95,Medical Equipment,0.22,Healthcare,8,5,3,1.6667,37.23,12.67,11.6,32.22,5.57,29.7,-1.75,-19.07,-17.26,24.36,1.79,3.11,4.87,-78.84,12.64,-69.4,9.1,6,0.07
96,Housing Finance,0.21,Banking and Finance,18,10,8,1.25,48.74,2.93,5.11,16.88,0.73,-6.16,39.22,27.7,38.38,18.73,1.08,2.27,1.72,-191.35,-2.97,-186.27,13.2,3.63,0.59
97,Other Industrial Products,0.21,General Industrials,53,30,23,1.3043,56.68,5.35,5.97,40.47,48.33,21.61,317.22,841.53,"1,979.25",47.3,2.65,20.76,31.92,61.36,20.2,26.75,21.79,12.64,0.15
98,Travel Support Services,0.21,Diversified Consumer Services,12,8,4,2,49.57,2.84,6.65,10.2,-19.54,-13.93,17.68,131.05,419.95,35.43,5.33,7.71,4.41,-9.46,-5.46,-8.69,23.46,12.39,1.03
99,Breweries & Distilleries,0.2,"Food, Beverages & Tobacco",18,16,2,8,53.67,3.17,4.69,12.72,-1.88,5.5,87.73,196.32,"1,202.86",67.15,2.64,10.51,7.57,0.72,-3.52,9.01,16.1,9.7,0.68
100,Movies & Entertainment,-0.2,Media,36,25,11,2.2727,55.49,-0.77,-1.52,4.94,6.95,30.56,885.18,791.82,"2,352.86",49.75,11.01,10.06,15.86,201.04,-2.66,56.02,23.36,14.45,0.49
101,Photographic Products,0.2,General Industrials,3,3,0,-,21.05,1.22,4.78,-6.31,-3.18,19.64,155.48,"1,140.46",905.86,16.63,0.33,1.04,0.2,-310.45,7.47,86.37,12.66,11.24,0
102,Utilities:Non-Electrical,0.2,Utilities,17,13,4,3.25,52.26,3.19,12.21,23.95,10.08,0.56,38.97,36.81,192.69,20.35,494.02,5.85,3.57,-35.88,7,-15.6,10.92,6.44,1.9
103,REITs-InvITs,-0.19,Realty,19,11,8,1.375,25.25,-0.26,0.3,2.95,2.1,12.28,25.85,27.83,28.2,44.29,3.31,1.64,23.99,6.64,7.39,11.59,10.84,3.07,5.6
104,Heavy Electrical Equipment,-0.17,General Industrials,48,28,20,1.4,57.3,6.65,5.7,38.26,51.06,47.07,347.23,812.43,"1,176.48",78.63,2.24,16.15,19.79,39.55,20.34,94.58,17.95,9.51,0.18
105,Paints,-0.16,Consumer Durables,8,4,4,1,58.44,0.75,5.75,25.26,-1.82,13.81,-13.72,-11.48,171.33,55.78,3.37,10.86,7.89,46.64,2.6,16.6,21.33,13.58,0.56
106,Dyes & Pigments,0.15,Chemicals & Petrochemicals,15,7,8,0.875,52.43,3.2,0.42,16.2,-5.3,-16.1,57.97,18.7,223.3,12.64,0.79,1.61,53.78,"2,20,299.21",24.46,-85.89,17.15,14.77,0.45
107,Personal Products,0.14,FMCG,25,17,8,2.125,50.84,0.71,0.72,8.09,-0.92,18.4,160.48,190.63,292.65,40.6,14.47,15.08,7.56,14.68,-3.56,-44.27,35.01,19.28,1.82
108,Household Products,0.13,Consumer Durables,8,5,3,1.6667,63.72,4.26,10.4,35.83,23.15,31.23,40.01,147.42,322.62,25.99,1.25,4.54,14.69,406.65,-2.1,484.7,18.14,9.78,0.27
109,Cement & Cement Products,-0.12,Cement and Construction,39,25,14,1.7857,57.75,2.17,-0.93,7.29,-2.46,-2.9,31.72,54.8,201.79,38.27,1.52,3.16,11.43,-29.8,16.27,116.55,8.49,4.39,0.51
110,Power - Electric Utilities,-0.12,Utilities,49,32,17,1.8824,54.78,2.03,-0.04,19.01,28.26,41.26,158.55,350.98,"1,590.64",25.61,2.57,4.22,3.25,1.73,6.95,51.17,14.64,5.67,1.21
111,Microfinance Institutions,0.11,Banking & Finance,14,10,4,2.5,50.27,3.84,8.59,19.63,9.32,24.7,20.53,72.02,199.29,26.32,0.98,2.94,14.34,730.6,7.3,114.44,10.83,1.41,0.08
112,Commodity Chemicals,-0.1,Chemicals & Petrochemicals,58,39,19,2.0526,52.77,0.95,1.48,23.59,9.79,7.92,44.37,150.49,"1,343.84",40.1,1.31,4.68,2.8,-164.41,2.12,-226.22,12.09,7.52,0.77
113,Pharmaceuticals,0.08,Pharmaceuticals & Biotechnology,185,120,65,1.8462,53.64,0.91,0.76,14.54,12.21,19.88,117.09,137.39,357.12,40.84,3.52,7.46,13.14,15.35,4.59,7.8,17.05,10.83,0.72
114,Transport Related Services,0.08,Transportation,12,9,3,3,56.74,6.79,18.97,32.36,14.54,25.88,145.45,390.96,697.37,50.42,0.26,6.45,29.27,-34.68,18.3,152.26,13.01,6.85,0.11
115,Healthcare Supplies,0.07,Healthcare,11,8,3,2.6667,43.57,0.18,-0.41,19.07,-4.9,-13.64,22.59,48.6,382,46.93,0.99,5.03,19.57,-13.67,4.2,9.59,11,7.28,0.12
116,Tea & Coffee,0.06,"Food, Beverages & Tobacco",17,9,8,1.125,55.44,1.16,-5.34,6.83,-2.37,7.25,38.64,73.07,715.39,36.48,3.16,5.11,18.67,5.41,-4.85,-54.11,8.2,5.07,0.84
117,Wires & Cables,0.06,Consumer Durables,19,12,7,1.7143,62.07,6.51,11.73,44.57,40.03,68.44,197.22,492.81,"2,205.69",53.17,2.44,10.4,24.67,14.02,17.01,31.87,19.28,11.7,0.58
118,Diversified,-0.05,Diversified,9,4,5,0.8,52.19,5.36,-1.42,21.89,4.94,-14.48,79.46,77.54,234,25.72,1.03,2.8,21.91,138.18,21.17,83.26,10.64,2.86,0.65
119,Capital Markets,-0.05,Banking and Finance,37,28,9,3.1111,49.45,2.05,1.15,30.8,26.59,48.85,761.94,"1,345.16","1,700.24",50.57,2.12,15.45,57.85,62.16,15.25,-12.43,27.62,12.63,0.41
120,Cigarettes-Tobacco Products,0.04,"Food, Beverages & Tobacco",5,3,2,1.5,40.99,2.26,-4.65,-0.72,-26,-28.5,-4.83,94.94,82.17,18.16,3.11,5.09,-2.95,-69.94,-9.76,12.98,28.08,21.64,4.65
121,Industrial Gases,0.03,General Industrials,5,3,2,1.5,58.09,7.59,3.53,12.61,23.82,9.43,67.74,401.26,"3,091.41",29.69,5.11,13.55,25.08,7.43,19.86,-28.75,12.77,9.22,0.15
122,Other Electrical Equipment/Products,0.03,Consumer Durables,64,46,18,2.5556,54.83,3.83,9.21,25.86,24.57,28.88,370.32,"4,138.59","1,003.13",42.26,18.4,7.97,41.64,46.57,22.23,21.47,22.01,11.61,0.25
123,Footwear,0.02,Retailing,16,12,4,3,51.04,4.15,2.23,14.09,-9.05,-12.94,-5,46.72,74.05,58.33,4.1,9.52,11.25,10.75,-5.38,-21.45,16.48,8.49,0.57
124,Textiles,-0.02,Textiles Apparels & Accessories,207,130,77,1.6883,55.88,7.2,11.93,29.24,20.02,13.43,156.33,354.67,612.53,39.14,5.75,3.8,4.5,75.42,8.59,67.8,9.23,6.26,0.6
125,Electrodes & Refractories,0.01,General & Industrial Manufacturing,11,7,4,1.75,52.72,1.65,-1.71,15.73,6.4,13.46,66.93,105.88,673.31,54.88,5.01,5.45,9.86,-831.06,-2.09,-243.66,10.13,8.19,0.69
126,Asset Management Cos.,0,Banking and Finance,7,3,4,0.75,50.43,7.76,6.12,22.84,23.94,40.73,156.61,96.15,210.58,45.77,3.28,24.03,17.95,-3.33,-2.34,-23.74,49.74,42.59,1.51
