"S.No","Name","Day Change %","Sector","No. of Companies","Advances","Declines","Advances/ Declines Ratio","Industry Score","Week Change %","Month Change %","Qtr Change %","Half Yr Change %","1Yr Change %","3Yr Change %","5Yr Change %","10Yr Change %","PE TTM","PE to Growth TTM","Price to Book TTM","Revenue growth Qtr YoY%","Net Profit growth Qtr YoY%","Revenue growth Qtr QoQ%","Net Profit growth Qtr QoQ%","Return on Equity Annual","ROA Annual","Dividend yield"
"1","Wires & Cables","-5.9","Consumer Durables","21","7","14","0.5","51.59","-8.18","-2.09","-1.16","16.57","36.9","97.48","417.03","1,708.14","42.02","1.25","8.33","39.23","45.37","-4.92","2.1","19.19","11.38","0.41"
"2","Telecom Cables","4.8","Telecommunications Equipment","6","6","0","-","64.77","1.29","20.45","17.72","274.72","387.2","268.57","201.88","982.48","56.33","0.25","10.85","90.82","2,178.33","1.73","50.05","4.77","2.32","0.02"
"3","Oil Equipment & Services","4.43","Oil & Gas","8","4","4","1","64.19","11.44","32.78","54.73","90.16","40.6","1,066.91","1,807.47","2,890.78","32.22","0.64","4.17","68.42","60.48","-3.41","236.76","11.9","7.65","0.23"
"4","Petrochemicals","3.71","Chemicals & Petrochemicals","13","11","2","5.5","55.37","10.93","5.64","11.94","29.91","19.55","43.45","72.8","466","23.23","0.36","3.53","13.1","320.12","10.23","81.13","9.49","6.36","0.93"
"5","Education","3.39","Diversified Consumer Services","26","17","9","1.8889","47.38","0.41","-1.42","26.09","38.01","12.6","182.99","692.67","929.33","24.47","13.25","9.93","19.26","610.44","-3.37","-30.96","21.22","13.15","0.4"
"6","Telecom Equipment","2.74","Telecommunications Equipment","14","10","4","2.5","39.52","4.24","2.01","0.27","17.13","-4.23","87.96","190.26","608.63","86.91","4.83","10.29","33.8","68.12","11.03","-110.72","13.79","5.06","0.03"
"7","General Insurance","2.56","Banking and Finance","6","3","3","1","47.01","1.87","0.38","1.96","3.36","-3.68","30.04","34.84","22.17","38.93","1.86","3.06","9.79","-32.84","4.69","-37.52","12.31","3.08","1.31"
"8","Data Processing Services","2.36","Software & Services","7","5","2","2.5","46.42","2.3","-4.13","-1.51","11.12","-7.57","44.59","43.22","164.24","35.3","6.99","10.65","17.39","9.83","-0.15","-0.88","29.83","21.82","1.27"
"9","Movies & Entertainment","2.07","Media","46","29","17","1.7059","56.09","2.21","2.85","21.68","20.44","48.7","288.01","741.87","2,228.19","35.62","1.5","11.05","14.92","44.65","1.38","-79.38","21.56","12.47","0.33"
"10","Jute & Jute Products","2.04","Forest Materials","5","4","1","4","53.99","0.33","-6.67","-2.72","21.87","-12.01","59.79","58.74","68.81","13.56","0.31","1.07","46.13","56.26","7.21","77.08","5.97","3.8","2.03"
"11","Other Non-Ferrous Metals","1.92","Metals & Mining","11","4","7","0.5714","69.2","-1.93","8.04","-1.87","-2.63","32.31","90.23","117.63","397.46","16.14","0.3","8.68","69.47","133.51","0.82","8.4","56.99","30.53","1.65"
"12","Sugar","-1.9","Food, Beverages & Tobacco","40","5","35","0.1429","52.24","0.69","8.69","14.03","25.7","4.18","20.53","53.53","255.34","31.78","1.26","2.62","0.32","7.15","-8.81","-123.63","8.41","4.26","0.46"
"13","Capital Markets","1.88","Banking and Finance","44","26","18","1.4444","49.65","0.03","4.53","4.71","27.47","55.12","418.41","909.52","1,400.04","42.39","1.77","13.72","32.55","38.34","7.12","59.56","27.71","12.59","0.51"
"14","Special Consumer Services","1.87","Diversified Consumer Services","16","14","2","7","48.31","4.46","13.48","30.75","52.98","37.87","42.68","45.02","45.11","20.95","0.58","15.26","35.9","-87.75","5.66","6.43","14.69","1.44","0.01"
"15","Specialty Retail","1.82","Retailing","36","22","14","1.5714","53.31","1.98","11.76","24.41","31.35","-2.39","-3.45","52.22","53.57","48.31","1.91","6.32","22.49","18.7","10.07","-1,549.83","13.19","6.66","0.21"
"16","Other Leisure Facilities","1.79","Diversified Consumer Services","8","6","2","3","24.14","-3.33","17.08","19.82","22.87","4.83","2.74","155.23","13.56","33.32","6.76","32.16","13.49","-134.18","42.88","-217.91","32.99","8.99","0.17"
"17","Financial Institutions","1.74","Banking and Finance","8","5","3","1.6667","45.57","0.42","-7.98","-6.4","-2.3","-9.52","116.59","287.89","263.36","9.69","1.06","1.53","3.69","2.87","0.87","-1.02","15.76","1.96","3.71"
"18","Textiles","1.5","Textiles Apparels & Accessories","263","166","97","1.7113","55.23","3.38","6.11","42.22","62.26","58.84","142.85","357.05","722.23","38.27","3.27","4.22","9.85","108.63","-0.61","36.87","9.69","6.28","0.56"
"19","Healthcare Supplies","-1.47","Healthcare","13","5","8","0.625","43.85","0.45","-0.5","11.28","17.06","-13.14","10.67","50.28","459.89","48.39","1.9","4.9","23.73","4.79","2.36","5.83","10.95","7.4","0.24"
"20","Other Apparels & Accessories","1.42","Textiles Apparels & Accessories","72","44","28","1.5714","56.63","4.17","9.72","19.92","26.38","39.2","78.06","231.85","323.94","41.56","1.33","13.97","17.41","27.31","-1.84","0.61","18.54","9.01","0.44"
"21","BPO/KPO","-1.41","Software & Services","17","12","5","2.4","57.67","-0.97","-5.48","23.01","32.17","5.24","280.61","307.51","356.91","24.66","2","4.76","43.58","23.63","1.96","-11.49","20.06","11.68","1.35"
"22","Ceramics","-1.39","Consumer Durables","10","3","7","0.4286","69.73","2.93","1.74","8.74","29.46","-0.56","17.11","32.55","74.05","34.72","0.45","5.36","22.26","19.05","-5.98","40.45","13.16","9.46","0.84"
"23","Biotechnology","-1.32","Pharmaceuticals & Biotechnology","10","4","6","0.6667","52.49","-4.71","-5.9","-0.93","5.35","3.73","52.26","22.86","145.61","112.48","4.3","2.83","10.19","80.77","-4.52","-5.57","3.61","2.92","0.21"
"24","Forest Products","1.31","Forest Materials","16","7","9","0.7778","62","0.21","-2.03","3.75","17.94","19.93","65.06","150.82","336.38","48.49","1.49","5.62","31.31","189.76","-1.84","11.05","11.56","6.95","0.13"
"25","IT Networking Equipment","-1.26","Hardware Technology & Equipment","6","2","4","0.5","56.93","1.55","6.97","10.66","105.63","157.64","410.66","429.86","480.97","107.44","2.97","20.54","60.87","179.2","-4.9","-13.37","18.84","8.91","0.3"
"26","Photographic Products","1.25","General Industrials","4","3","1","3","21.42","1.28","-1.71","15.75","-2.03","30.51","144.88","633.27","785.91","27.79","0.18","1.14","22.79","60.45","13.09","410.05","12.66","11.24","0"
"27","Electronic Components","1.19","Commercial Services & Supplies","29","16","13","1.2308","45.35","4.54","19.47","40.23","86.81","77.37","391.18","706.79","1,048.9","87.71","42","15.69","28.82","482.05","-8.38","101.69","14.39","7.57","0.06"
"28","Iron & Steel/Interm.Products","1.16","Metals & Mining","88","54","34","1.5882","63.69","0.6","4.07","-1.25","13.6","33.55","100.36","163.12","1,022.84","21.88","0.52","2.82","11.26","27.41","-5.51","-50.81","13.43","5.86","0.84"
"29","Refineries/Petro-Products","1.16","Oil & Gas","10","7","3","2.3333","52.98","2.62","-0.28","1.59","-2.9","-1.49","22.69","32.99","390.45","22.34","0.01","1.88","33.8","-74.31","17.52","-68.02","10.97","4.47","1.11"
"30","Broadcasting & Cable TV","1.13","Media","27","18","9","2","44.35","-2.37","-5.08","-5.66","-11.27","-22.56","-38.41","-23.82","-32.99","23.08","4.14","1.52","8.2","-52.05","9.54","182.68","6.95","6.17","1.29"
"31","Shipping","1.12","Transportation","14","13","1","13","60.65","4.2","1.35","10.88","27.88","147.34","5,091.04","17,733.23","1,076.18","24.84","0.36","98","50.19","143.98","10.26","55.55","16.55","12.34","1.46"
"32","Gems & Jewellery","1.12","Textiles Apparels & Accessories","73","52","21","2.4762","64.87","-0.96","3.05","29.55","27.23","38.1","136.22","295.56","1,050.9","32.6","1.17","20.01","73.2","61.64","-0.91","23.05","28.8","8.35","0.23"
"33","Commodity Trading  & Distribution","1.06","Commercial Services & Supplies","186","105","81","1.2963","44.72","-5.19","-2.8","5.25","36.77","35.12","95.61","189.01","3,430.11","49.39","3.08","4.84","48.15","-89.44","-9.84","-81.42","12.26","4.48","0.17"
"34","Other Industrial Goods","-1.03","General Industrials","19","8","11","0.7273","61","4.09","17.81","27.65","64.56","47.43","65.44","361.93","958.6","43.16","1.33","11.76","23.14","74.59","-3.36","15.87","27.06","17.75","0.8"
"35","Breweries & Distilleries","-0.98","Food, Beverages & Tobacco","19","9","10","0.9","54.55","-2.93","-2.37","15.89","21.9","15.08","98.7","219.51","1,397.03","68.92","1.91","11.31","7.43","4.4","10.27","16.97","16.29","9.89","0.76"
"36","Transport Related Services","0.97","Transportation","13","9","4","2.25","51.88","0.26","-1.65","13.3","23.48","7.77","98.59","390.23","558.69","53.82","0.82","5.99","42.92","49.4","13.77","7.77","12.88","6.93","0.17"
"37","Housing Finance","0.96","Banking and Finance","20","14","6","2.3333","46.62","1.05","-0.52","2.37","8.12","-4.09","26.86","30.06","27.83","17.03","0.94","2.08","1.59","11.17","2.78","220.43","13.16","3.49","0.61"
"38","Internet Software & Services","0.94","Software & Services","36","22","14","1.5714","56.26","-0.65","8.94","29.22","36.83","12.2","152.72","494.46","1,253.39","32.32","1.35","7.04","29.44","42.67","2.32","-23.79","7.15","5.56","0.09"
"39","Houseware","0.91","Consumer Durables","9","6","3","2","51.75","-0.44","-3.02","-1.91","0.57","-23.55","-17.89","9.39","36.92","27.01","0.76","4.38","10.12","2,135.64","-11.33","-28.07","13.92","10.22","0.62"
"40","Edible Oils","-0.89","FMCG","31","13","18","0.7222","52.78","-3.26","-3.76","-10.49","-6.73","-23.47","146.31","306.26","2,722.32","18.92","10.29","2.73","17.2","68.25","-5.03","0.61","13.12","7.05","0.97"
"41","Dyes & Pigments","-0.88","Chemicals & Petrochemicals","16","8","8","1","57.83","10.37","26.86","44.83","58.38","13.09","102.8","56.71","157.03","14.97","0.58","2.03","18.44","292.29","4.7","-19.01","17.67","15.24","0.52"
"42","Telecom Services","-0.87","Telecom Services","6","4","2","2","50.92","-1.71","-3.69","0.7","4.13","13.66","102.88","168.74","404.67","34.35","0.23","7.03","16.28","162.19","3.73","-95.13","16.18","6.5","1.13"
"43","Diversified","0.85","Diversified","10","6","4","1.5","43.14","0.55","-7.74","7.05","14.43","-6.27","67.51","68.16","190.02","25.78","1.7","2.88","17.01","88.74","-13.68","13.35","11.3","3.03","0.62"
"44","Footwear","0.83","Retailing","18","10","8","1.25","47.5","-0.67","-7.93","-6.09","-5.19","-23.18","-25.34","28.92","59.69","52.04","4.03","8.16","4.81","4.1","-5.88","-5.18","16.35","8.44","1.31"
"45","Life Insurance","0.81","Banking and Finance","6","4","2","2","46.92","-0.12","-3.49","1.48","-8.34","-7.42","23.66","-0.98","46.33","31.55","5.07","5.01","9.79","23.49","16.32","-39.22","22.59","0.72","1.42"
"46","Auto Tyres & Rubber Products","-0.79","Automobiles & Auto Components","29","16","13","1.2308","58.6","-2.76","-3.71","5.83","-1.41","-3.95","19.17","69.29","263.51","24.07","0.52","2.83","13.97","33.98","3.83","-19.3","11.19","6.5","0.71"
"47","Coal & Mining","-0.77","Metals & Mining","17","9","8","1.125","48.08","1.58","-2.62","-9.2","9.87","15.98","220.2","410.35","434.76","12.05","0.41","3.19","34.53","8.26","-3.38","-13.44","23.38","10.59","3.74"
"48","Other Telecom Services","0.76","Telecom Services","10","3","7","0.4286","55.49","-0.73","-5.55","-7.43","-5.98","4.51","99.6","89.36","110.95","31.52","1.23","7.4","7.63","12.81","2.67","-13.56","22.47","8.46","2.25"
"49","Green & Renewable Energy","0.75","Utilities","21","14","7","2","48.36","-1.28","-3.68","-6.34","23.22","10.99","31.34","75.98","342.38","80.37","14.03","9.05","29.57","25.49","17.31","41.96","10.6","3.46","0.42"
"50","2/3 Wheelers","-0.72","Automobiles & Auto Components","14","7","7","1","53.66","-2.12","-0.91","17.29","18.31","33.77","157.95","293.92","433.25","35.96","1.27","10.88","42.91","31.44","11.08","-1.27","26.97","13.12","1.15"
"51","Household Products","-0.72","Consumer Durables","10","5","5","1","63.14","-1.01","-6.15","-3.79","13.21","-0.51","30.93","77.02","274.36","25.73","0.39","4.02","10.55","30.27","12.2","-48.89","19.15","10.16","0.43"
"52","Tea & Coffee","-0.72","Food, Beverages & Tobacco","24","9","15","0.6","57.89","-2.67","-7.48","-8.64","-5.54","-3.56","32.37","40.61","558.8","32.19","2.3","4.61","11.8","48.44","2.74","188.12","8.29","5.12","0.9"
"53","Specialty Chemicals","-0.7","Chemicals & Petrochemicals","117","58","59","0.9831","58.29","-1.23","0.67","11.18","24.33","14.86","40.64","133.06","546.02","48.75","2.45","7.72","26.31","50.01","14.58","32.02","14.37","9.9","0.43"
"54","Consulting Services","0.66","Commercial Services & Supplies","34","15","19","0.7895","53.13","9.07","9.81","13.98","36.06","36.71","60.83","172.02","81.51","23.32","2.17","5.87","2.81","74.1","-26.23","-30.84","23.56","14.96","0.82"
"55","Aerospace & Defence","0.63","General Industrials","29","17","12","1.4167","56.76","-1.66","3.44","7.66","20.37","25.64","193.6","838.95","1,252.49","52.36","3.08","10.56","23.41","12.43","-44.86","-55.87","22.36","9.63","0.65"
"56","Iron & Steel Products","0.63","Metals & Mining","88","50","38","1.3158","59.34","3.37","21.53","31.27","73.8","82","246","775.2","1,883.11","34.04","1.58","8.22","12.3","65.59","1.65","26.6","15.84","9.65","0.29"
"57","Cement & Cement Products","0.62","Cement and Construction","43","30","13","2.3077","53.38","-1.26","-4.5","1.87","-2.84","-9.24","33.53","42.06","162.06","36.78","3.66","3.03","12.75","35.54","-5.46","-24.55","8.42","4.32","1.04"
"58","Computer Hardware","-0.62","Hardware Technology & Equipment","18","10","8","1.25","53.81","11.17","19.28","33.94","53.31","48.62","2,608.77","2,975.22","2,589.5","44.13","1.2","7.58","4.75","-15.54","-39.82","-47.14","15.52","9.54","0.15"
"59","Consumer Electronics","-0.62","Consumer Durables","25","15","10","1.5","50.93","-2.83","-0.57","9.47","7.29","3.77","94.76","179.07","1,276.97","59.12","1.32","10.85","19.2","35.97","11.04","35.24","18.34","7.42","0.15"
"60","Fibres & Plastics","0.61","General Industrials","5","2","3","0.6667","66.69","2.76","4.24","-1.47","27.19","27.21","32.58","37.57","50.06","7.14","0.07","1.26","13.94","3,423.49","5.3","37.85","12.55","9.59","2.22"
"61","Paints","-0.61","Consumer Durables","10","5","5","1","60.94","-3.31","-8.33","-3.79","9.23","-3.69","-21.06","-22.67","109.54","46.75","2.48","9.36","13.97","30.65","14.81","26.35","21.45","13.65","1.06"
"62","Hotels","-0.6","Hotels Restaurants & Tourism","65","40","25","1.6","54.52","-0.52","-2.19","8.31","17.68","-0.8","76.53","248.49","253.06","40.74","3.41","7.43","6.03","106.6","-17.88","-61.56","17.6","11.14","0.35"
"63","Copper","0.59","Metals & Mining","8","6","2","3","69.9","-2.66","5.32","-3.67","-5.72","114.64","234.99","358.53","721.63","43.27","0.33","13.13","57.98","165.54","-14.57","-19.73","26.97","20.19","0.45"
"64","Asset Management Cos.","-0.57","Banking and Finance","10","5","5","1","35.38","-2.69","-3.36","-3.01","2.28","15.24","83.95","51.88","144.43","39.27","3.31","19.46","14.85","15.29","5.73","50.69","49.35","43.17","1.3"
"65","Other Financial Services","0.57","Banking and Finance","139","86","53","1.6226","50.47","1.32","2.99","12.48","11.66","13.68","313.4","531.25","940.08","38.12","1.92","78.53","27.36","-10.76","6.07","52.03","17.51","10.89","0.7"
"66","Other Agricultural Products","-0.55","Food, Beverages & Tobacco","61","30","31","0.9677","58.65","1.51","6.89","11.76","13.28","-1.18","57.91","168.54","484.75","20.59","3.05","3.3","10.35","10.27","11.11","64.75","15.48","8.28","0.63"
"67","Warehousing & Logistics","-0.54","Transportation","60","29","31","0.9355","48.58","1.02","0.17","14.13","22.18","11.3","26.17","26.51","47.6","29.66","1.3","4.57","-2","70.84","6.3","6.84","8.84","5.22","0.64"
"68","Fertilizers","0.53","Fertilizers","27","20","7","2.8571","43.78","-1.58","-3.35","5.91","10.15","-13.31","156.43","402.95","1,619.1","12.54","1.25","45.08","18.69","17.55","16.51","55.83","16.42","8.01","0.75"
"69","Pharmaceuticals","-0.53","Pharmaceuticals & Biotechnology","212","114","98","1.1633","54.03","-0.48","2.19","14.43","26.99","31.07","123.65","158.71","397.98","47.65","2.77","8.44","15.75","9.84","2.13","-5.66","16.95","10.66","0.59"
"70","IT Consulting & Software","-0.52","Software & Services","163","88","75","1.1733","52.17","1.41","-3.68","3.91","1.95","-11.19","37.19","42.87","375.1","21.58","7.6","6.41","15.64","11.85","3.64","-1.52","30","18.25","3.69"
"71","Commodity Chemicals","-0.49","Chemicals & Petrochemicals","64","31","33","0.9394","55.96","-1.33","1.22","8.87","22.55","15.02","40.99","120.28","1,375.59","36.49","8.24","5.21","19.57","56.44","16.75","313.13","12.39","7.82","0.74"
"72","Industrial Machinery","-0.49","General Industrials","117","65","52","1.25","54.99","-0.91","-0.04","5.46","24.92","42.64","383.98","978.28","719.81","69.37","160.65","16.45","23.86","-72.52","-3.56","-9.15","26.57","14.21","0.6"
"73","Abrasives & Bearings","0.49","General & Industrial Manufacturing","9","5","4","1.25","55.52","-1.01","-0.72","2.81","6.22","5.54","5.04","92.33","371.76","60.8","2.03","8.53","16.01","12.56","0.45","13.29","15.4","11.1","0.79"
"74","Furniture-Furnishing","0.48","Diversified Consumer Services","26","17","9","1.8889","53.61","1.04","-5.32","6.45","1.91","-6.64","10.98","46.91","107.5","39.81","0.48","4.04","12.47","55.91","-7.33","-51.92","10.2","6.67","0.11"
"75","Realty","-0.47","Realty","182","100","82","1.2195","54.62","-0.25","-0.1","17.17","16.84","0.06","87.9","181.12","458.03","37.19","1.46","5.03","13.41","21.51","-29.81","-23.83","11.82","5.26","0.5"
"76","Electrodes & Refractories","0.46","General & Industrial Manufacturing","11","5","6","0.8333","55.31","3.17","11.12","22.78","37.19","50.25","111.24","132.52","848.57","47.63","3.7","7.85","11.61","27.28","8.11","175.84","10.39","8.49","0.54"
"77","Waste Management","-0.45","Utilities","10","3","7","0.4286","38.32","-0.88","-8.63","8.92","11.93","-32.82","59.04","119.08","255.92","27.05","6.39","2.73","-5.8","-87.56","-12.61","-86.32","11.08","7.46","0.19"
"78","Exploration & Production","-0.43","Oil & Gas","9","6","3","2","57.68","1.66","0.33","-11.19","-13.57","1.06","56.82","135.47","94.59","8.39","0.45","1.88","26.96","45.53","19.7","25.81","10.65","5.25","4.61"
"79","Heavy Electrical Equipment","-0.43","General Industrials","53","26","27","0.963","57.62","-1.72","2.12","0.5","32.32","46.14","406.24","784.02","1,047.09","61.77","1.55","14.54","17.31","130.12","-21.24","-28.68","17.78","9.5","0.47"
"80","Holding Companies","-0.43","Diversified","15","7","8","0.875","46.02","-1.63","-4.83","11.05","4.31","2.48","60.03","116.86","429.37","25.11","3.31","2.83","20.79","2.04","5.78","14.36","11.57","3.22","0.48"
"81","Cigarettes-Tobacco Products","0.41","Food, Beverages & Tobacco","5","4","1","4","39.39","-1.92","-8.02","-5.15","-14.62","-36.06","-20.08","68.79","31.75","17.22","1.66","4.34","-11.61","-18.04","2.49","-23.05","28.09","21.65","5.22"
"82","Publishing","0.41","Commercial Services & Supplies","19","9","10","0.9","56.57","-1.18","-3.86","9.28","21.05","-7.86","14.67","132.99","105.13","8.34","0.98","5.09","24.68","67.77","4.36","105.06","349.23","276","2.86"
"83","Finance (including NBFCs)","0.39","Banking and Finance","283","167","116","1.4397","45.01","-1.7","-3.55","16.16","9.5","90.6","169.99","216.5","975.56","30.46","2.49","4.18","21.3","35.73","2.34","17.07","13.75","2.97","0.57"
"84","Packaged Foods","-0.39","FMCG","67","31","36","0.8611","58.32","-2.07","-0.78","7.1","10.11","10.09","28.85","61.63","310.33","60.29","2.79","30.47","18.1","25.81","6.46","-9.21","49.43","21.22","0.99"
"85","Department Stores","0.37","Retailing","16","6","10","0.6","44.54","-1.6","-5.33","-5.4","33.83","10.1","69.66","143.21","1,235.5","77.68","5.33","12.66","14.15","46.64","8.67","64.97","16.2","11.07","0.05"
"86","Utilities:Non-Electrical","0.36","Utilities","21","12","9","1.3333","49.13","-0.04","-2.69","-2.12","8.86","-5.54","25.89","37.07","144.49","14.01","0.49","4.71","27.49","69.4","17.39","137.03","10.95","6.44","1.75"
"87","Other Industrial Products","0.33","General Industrials","69","42","27","1.5556","57.8","6.97","20.3","27.14","63.42","65.17","299.44","870.07","2,252.73","53.07","2.29","22.63","40.48","66.5","4.13","21.8","21.82","12.68","0.11"
"88","Compressors & Pumps","0.33","General & Industrial Manufacturing","11","6","5","1.2","54.08","2.37","3.43","9.09","18.91","5.43","73.61","264.78","624.53","44.03","17.75","9.72","18.09","-6.63","-9.8","-25.93","21.64","13.55","0.64"
"89","Distributors","0.32","Commercial Services & Supplies","18","14","4","3.5","29.15","-0.97","19.53","55.2","61.89","24.78","302.86","834.45","1,391.1","21.58","0.24","4.92","-12.62","87.87","36.27","90.56","18.74","10.67","0.04"
"90","IT Training Services","0.32","Software & Services","7","6","1","6","49.41","-1.47","-0.2","11.22","43.25","6.07","23.21","76.57","97.6","20.35","0.29","2.73","9.24","254.4","10.55","999.8","9.24","5.38","0.82"
"91","Medical Equipment","0.32","Healthcare","10","5","5","1","42.77","1.55","5.07","33.12","46.12","2.03","-6.57","-20.25","-19.13","26.77","1.49","3.26","21.19","-13.97","1.02","98.33","9.04","5.63","0.06"
"92","Power - Electric Utilities","0.31","Utilities","50","34","16","2.125","50.39","-1.69","-5.87","-9.45","13.51","24.41","95.63","330.97","1,476.95","22.67","2.27","3.7","11.74","8.4","11.57","-16.06","14.5","5.68","1.42"
"93","Oil Marketing & Distribution","-0.29","Oil & Gas","15","7","8","0.875","65.02","-0.31","-3.51","11.21","-0.47","10.98","76.98","114.38","147.15","11.67","0.47","2.45","33.52","-93.01","24.79","-96.08","20.36","10.13","4.77"
"94","Paper & Paper Products","0.29","Commercial Services & Supplies","49","26","23","1.1304","43.58","2.12","1.67","8.81","12.1","-4.67","40.15","92.84","269.92","20.16","9.94","2.56","12.57","43.08","-3.09","-16.02","5.44","3.03","0.58"
"95","Healthcare Services","-0.27","Healthcare","40","20","20","1","49.82","0.89","7.86","18.24","42.88","25.3","108.85","92.38","200.15","51.97","3.78","10.25","28.66","10.14","5.08","-2.27","18.01","12.4","0.32"
"96","Aluminium and Aluminium Products","0.26","Metals & Mining","29","15","14","1.0714","42.25","-2.56","-0.16","67.42","68.65","94.01","158.75","162.97","395.42","11.24","0.32","11.3","12.35","98.01","6.64","32.46","13.6","7.83","1.9"
"97","Auto Parts & Equipment","-0.25","Automobiles & Auto Components","142","76","66","1.1515","56.48","-1.53","5.53","16.2","26.35","33.47","106.35","211.73","460.26","44.64","3.31","7.27","23.45","22.6","3.86","-6.54","15.17","8.08","0.51"
"98","Industrial Gases","-0.25","General Industrials","7","6","1","6","54.32","-2.68","-6.73","-7.53","1.46","-4.98","3.15","181.23","2,092.12","28.25","3.99","11.18","63.55","38.18","4.38","3.01","12.81","9.2","0.18"
"99","Investment Companies","-0.25","Others","27","14","13","1.0769","51.11","0.31","-4.68","6.93","9.27","-12.35","159.39","273.72","560.72","40.71","2.93","1.28","62.45","4.91","16.23","46.62","3.68","3.26","1.59"
"100","Other Food & Beverages","0.25","Food, Beverages & Tobacco","67","32","35","0.9143","52.1","-1.81","-4.67","-15.08","-3.43","-5.73","61.71","288.91","1,206","37.99","1.93","12.35","19.36","9.64","18.2","132.12","15.84","11.27","0.37"
"101","Advertising & Media","0.24","Media","28","15","13","1.1538","45.75","-3.03","-3.09","-0.2","6.43","-12.64","-15.14","53.74","401.18","20.2","1.04","7.38","35.36","17.2","8.18","-58.09","12.98","6.87","0.22"
"102","Healthcare Facilities","-0.22","Healthcare","41","21","20","1.05","45.14","-1.96","0.61","7.42","12.32","9.31","88.79","162.06","528.8","61.52","191.24","10.07","27.06","6.98","7.54","-1.09","13.37","6.7","0.16"
"103","Internet & Catalogue Retail","-0.21","Retailing","14","5","9","0.5556","50.95","-1.47","2.48","25.16","27.78","12.3","146.72","74.45","257.4","51.31","11.16","17.04","84.05","90.62","9.71","-119.36","4.6","2.27","0.13"
"104","IT Software Products","-0.21","Software & Services","46","29","17","1.7059","39.33","-0.59","3.87","8.4","28.22","8.46","39.63","88.13","141.25","43.91","131.87","5.45","34.57","9.02","0.86","-12.38","11.95","6.65","0.73"
"105","Construction & Engineering","0.18","Cement and Construction","151","84","67","1.2537","44.67","1.4","0.32","2.83","6.74","8.49","73.54","227.1","367.99","31.94","14.23","4.5","6.04","46.41","-18.9","-22.66","17.58","4.29","0.77"
"106","Restaurants","0.18","Hotels Restaurants & Tourism","13","7","6","1.1667","55.9","-4.08","8.41","18.17","14.49","-10.57","-11.36","-12.27","132.29","58.85","4.8","11.13","16.09","45.15","7.95","-9.09","20.09","8.49","0.1"
"107","REITs-InvITs","-0.17","Realty","24","16","8","2","25.68","0.41","0.39","3.76","5.87","12.18","26.9","31.15","33.36","31.8","0.45","1.69","21.71","9.85","-7.42","5.38","10.85","2.98","5.99"
"108","Cars & Utility Vehicles","0.15","Automobiles & Auto Components","7","4","3","1.3333","50.58","-4.18","-7.61","1.59","-7.71","-14.56","48.64","173.22","199.77","23.96","0.48","4.31","18.22","-19.23","-3.89","-31.05","24","10.61","1.02"
"109","Containers & Packaging","-0.15","Commercial Services & Supplies","78","36","42","0.8571","58.12","1.87","7.37","23.78","41.71","40.01","136.37","260","505.54","26.17","1.59","3.29","24.79","142.38","19.14","1,080.87","11.29","7.29","0.4"
"110","Plastic Products","-0.13","General Industrials","87","51","36","1.4167","55.83","-1.31","2.45","3.57","6.51","-2.3","98.27","179.55","415.98","31.7","2.24","7.31","8.62","20.25","-12.15","-28.14","14.26","10.32","0.43"
"111","Surface Transportation","-0.13","Transportation","12","8","4","2","41.95","-2.5","-1.52","-5.89","-10.51","-23.58","37.58","158.19","603.05","14.44","2.04","2.44","11.16","6.07","-4.33","-14.92","16.82","12.3","1.02"
"112","Roads & Highways","-0.11","Cement and Construction","17","7","10","0.7","48.31","-0.47","-6.35","-6.8","-4.62","-19.65","8.79","54.78","208.16","15.55","0.28","0.95","5.92","-55.36","1.6","-27.27","10.41","4.8","0.55"
"113","Microfinance Institutions","-0.11","Banking & Finance","15","7","8","0.875","48.61","-1.9","-3.03","11.01","15.78","35.48","22.7","81.1","208.81","22.76","0.56","2.92","19.16","19,314.66","5.6","13.37","10.87","1.41","0.08"
"114","Travel Support Services","0.1","Diversified Consumer Services","19","12","7","1.7143","49.08","-0.81","-4.23","6.65","0.9","-23.92","8.21","62.83","363.53","40.91","4.84","7.19","3.7","-1.91","7.37","10.07","23.06","11.91","0.99"
"115","Agrochemicals","0.08","Chemicals & Petrochemicals","34","16","18","0.8889","53.14","-0.97","-6.05","-4.98","-2.33","-21.85","2.97","2.98","165.76","28.14","2.7","3.33","3.89","1.08","-21.66","-33.41","11.69","7.49","0.99"
"116","Misc. Commercial Services","-0.08","Commercial Services & Supplies","79","47","32","1.4688","55.59","1.66","2.71","11.73","43.44","26.63","86,890.4","19,857.73","1,05,808.78","26.44","1.64","4.21","20.98","43.13","-1.01","-6.81","16.93","12.37","0.63"
"117","Marine Port & Services","-0.07","Transportation","11","5","6","0.8333","52.08","-0.23","0.88","3.77","19.23","24.36","126.36","172.11","444.93","34.43","1.7","4.68","18.15","8.61","-2.33","3.59","13.13","6.85","0.49"
"118","Commercial Vehicles","-0.06","Automobiles & Auto Components","14","5","9","0.5556","48.43","-1.96","-0.04","17.25","-4.7","38.91","66.57","187.34","491.16","39.65","4","8.19","17.81","6.41","-20.63","-1.82","21.18","6.26","1.1"
"119","Construction Materials","0.06","Cement and Construction","30","19","11","1.7273","52.31","-2.24","-6.14","4.06","12.83","28.02","97","335.48","627.22","23.98","1.18","3.63","20.84","31.39","-0.48","-2.33","13.67","7.15","0.17"
"120","Personal Products","0.06","FMCG","27","15","12","1.25","48.66","-1.91","-7.7","-0.47","-1.37","9.58","304","469.38","560.42","36.8","3.04","14.5","9.88","3.83","8.67","3.55","34.74","19.22","1.88"
"121","Household Appliances","-0.05","Consumer Durables","17","8","9","0.8889","53.05","-1.81","-5.03","1.45","7.04","-17.5","-11.82","9.28","119.64","41.24","1.21","4.75","17.53","57.17","-2.11","244.85","11.78","7.31","0.84"
"122","Castings & Forgings","0.05","General & Industrial Manufacturing","29","12","17","0.7059","44.42","0.22","3.68","29.32","36.21","72.99","82","143.7","288.86","40.29","2.23","9.73","16.61","-18.17","2.23","-25.64","13.68","8.71","0.28"
"123","Airlines","-0.04","Transportation","5","3","2","1.5","37.56","-4.01","-7.47","10.45","10.36","-13.26","103.51","153.24","477.42","20.56","0.24","28.27","19.53","-122.33","11.84","84.38","19.91","12.7","0.01"
"124","Commodity Printing/Stationery","-0.04","Commercial Services & Supplies","11","8","3","2.6667","49.2","-0.49","-3.56","-0.73","-4.82","-15.56","129.05","137.49","134.65","51.66","10.71","8.52","14.35","-13.79","2.5","-17.85","16.99","12.24","0.35"
"125","Banks","-0.02","Banking and Finance","32","17","15","1.1333","50.4","-0.39","-0.99","5.56","-6.44","9.34","43.63","114.9","215.58","13.7","1.62","1.83","6.74","23.72","3.52","2.57","13.22","1.37","1.32"
"126","Other Electrical Equipment/Products","0","Consumer Durables","76","44","32","1.375","52.39","-2.06","1.05","7.53","35.26","25.37","672.44","13,974.14","1,215.79","41.18","1.92","7.62","38.26","13.92","-6.14","-18.12","21.39","11.11","0.23"