"S.No","NAME","NO. OF STOCKS","MARKET CAP","MOMENTUM SCORE","RSI > 50","MFI > 50","LTP > SMA20","LTP > SMA50","LTP > SMA200","SMA50 > SMA200","DAY GAINERS%","WEEK GAINERS%"
"1","Coal & Mining","17","5,11,783.33","44.31","23.5%","58.8%","23.5%","23.5%","35.3%","29.4%","52.9%","23.5%"
"2","IT Consulting & Software","163","27,39,269.01","46.05","42.9%","50.9%","40.5%","42.9%","35%","34.4%","49.7%","29.4%"
"3","Industrial Machinery","117","5,36,473.15","50.97","47.9%","57.3%","55.6%","44.4%","46.2%","47.9%","54.7%","50.4%"
"4","Internet Software & Services","36","3,32,386.27","56.99","41.7%","55.6%","38.9%","41.7%","33.3%","38.9%","61.1%","38.9%"
"5","Construction & Engineering","151","9,53,168.85","42.71","40.4%","43.7%","44.4%","37.7%","31.8%","33.8%","52.3%","47%"
"6","Pharmaceuticals","212","27,70,952.47","54.9","59%","62.3%","59.4%","58%","63.7%","60.8%","51.4%","49.1%"
"7","Specialty Chemicals","117","6,03,095.34","55.76","50.4%","53%","46.2%","55.6%","55.6%","52.1%","48.7%","47.9%"
"8","Textiles","263","2,33,088.57","57.08","47.1%","54%","50.6%","44.9%","46.4%","43%","57%","47.9%"
"9","Exploration & Production","9","4,02,140.24","43.78","77.8%","77.8%","55.6%","66.7%","66.7%","55.6%","66.7%","77.8%"
"10","Heavy Electrical Equipment","53","10,40,871.34","60.06","49.1%","56.6%","45.3%","49.1%","54.7%","58.5%","49.1%","39.6%"
"11","Cement & Cement Products","43","9,57,401.7","40.99","41.9%","53.5%","37.2%","41.9%","25.6%","30.2%","67.4%","41.9%"
"12","Commercial Vehicles","14","3,87,271.49","51.97","42.9%","64.3%","35.7%","50%","57.1%","57.1%","35.7%","28.6%"
"13","Commodity Trading  & Distribution","186","5,05,956.68","51.78","45.2%","46.2%","44.6%","39.2%","39.8%","39.2%","47.3%","51.1%"
"14","Marine Port & Services","11","5,33,865.89","55.58","63.6%","63.6%","45.5%","54.5%","45.5%","45.5%","45.5%","36.4%"
"15","Power - Electric Utilities","50","15,97,974.46","44.48","28%","52%","34%","20%","28%","28%","64%","36%"
"16","Packaged Foods","67","5,56,830.09","45.05","58.2%","67.2%","52.2%","50.7%","44.8%","35.8%","43.3%","38.8%"
"17","Other Industrial Goods","19","25,880.98","66","78.9%","63.2%","63.2%","73.7%","63.2%","73.7%","36.8%","57.9%"
"18","Hotels","65","2,59,436.64","46.11","35.4%","53.8%","41.5%","32.3%","38.5%","32.3%","53.8%","44.6%"
"19","Oil Marketing & Distribution","15","3,14,666.55","46.14","60%","66.7%","60%","66.7%","60%","53.3%","46.7%","53.3%"
"20","Petrochemicals","13","28,656.3","62.13","76.9%","61.5%","76.9%","61.5%","69.2%","69.2%","84.6%","76.9%"
"21","Other Agricultural Products","61","67,570.52","54.35","44.3%","59%","42.6%","44.3%","34.4%","32.8%","44.3%","42.6%"
"22","Castings & Forgings","29","2,37,269.49","42.26","58.6%","62.1%","55.2%","58.6%","65.5%","62.1%","37.9%","34.5%"
"23","Jute & Jute Products","5","1,797.61","50.49","40%","40%","60%","20%","60%","80%","80%","60%"
"24","Realty","182","7,96,994.01","53.15","41.2%","44.5%","40.7%","42.3%","34.1%","36.3%","50.5%","42.3%"
"25","Telecom Cables","6","78,819.63","71.76","66.7%","66.7%","66.7%","66.7%","66.7%","83.3%","100%","50%"
"26","Paints","10","3,38,459.82","46.13","50%","30%","60%","50%","40%","50%","40%","60%"
"27","Auto Parts & Equipment","142","11,44,289.7","53.77","44.4%","47.9%","39.4%","44.4%","52.1%","59.2%","53.5%","44.4%"
"28","Warehousing & Logistics","60","1,42,176.74","48.64","48.3%","55%","48.3%","43.3%","40%","31.7%","45%","43.3%"
"29","BPO/KPO","17","47,937.33","50.92","47.1%","64.7%","47.1%","47.1%","35.3%","17.6%","70.6%","47.1%"
"30","Capital Markets","44","6,13,825.18","57.08","50%","52.3%","50%","43.2%","63.6%","52.3%","54.5%","56.8%"
"31","Biotechnology","10","85,504.93","48.47","10%","20%","10%","20%","30%","40%","30%","20%"
"32","Oil Equipment & Services","8","11,092.88","72.55","87.5%","87.5%","75%","75%","87.5%","87.5%","50%","100%"
"33","Containers & Packaging","78","69,915.84","59.79","59%","52.6%","44.9%","61.5%","53.8%","43.6%","38.5%","47.4%"
"34","Commodity Chemicals","64","1,58,751.78","57.66","56.2%","70.3%","54.7%","57.8%","57.8%","62.5%","43.8%","54.7%"
"35","Diversified","10","67,796.71","43.49","60%","80%","50%","60%","60%","50%","60%","30%"
"36","Iron & Steel/Interm.Products","88","10,68,204.74","53.57","58%","62.5%","60.2%","56.8%","53.4%","47.7%","61.4%","45.5%"
"37","Other Electrical Equipment/Products","76","4,97,613.61","50.89","42.1%","53.9%","40.8%","44.7%","42.1%","46.1%","52.6%","35.5%"
"38","Auto Tyres & Rubber Products","29","1,66,752.39","42.94","44.8%","44.8%","44.8%","44.8%","44.8%","34.5%","55.2%","37.9%"
"39","Iron & Steel Products","88","2,39,288.13","61.4","55.7%","62.5%","53.4%","48.9%","44.3%","47.7%","53.4%","52.3%"
"40","Healthcare Facilities","41","6,54,884.06","45.62","51.2%","48.8%","48.8%","48.8%","41.5%","48.8%","48.8%","48.8%"
"41","IT Training Services","7","5,303.09","58.04","57.1%","71.4%","42.9%","71.4%","71.4%","71.4%","71.4%","42.9%"
"42","Forest Products","16","30,169.17","47.97","50%","56.2%","56.2%","50%","43.8%","50%","43.8%","37.5%"
"43","Specialty Retail","36","52,830.19","53.75","38.9%","44.4%","44.4%","38.9%","33.3%","36.1%","58.3%","50%"
"44","Agrochemicals","34","1,72,078.74","39.38","47.1%","64.7%","44.1%","44.1%","38.2%","32.4%","47.1%","50%"
"45","Construction Materials","30","16,225.93","43.61","43.3%","50%","46.7%","46.7%","26.7%","30%","60%","43.3%"
"46","Dyes & Pigments","16","22,205.18","62.63","68.8%","81.2%","62.5%","81.2%","75%","56.2%","43.8%","56.2%"
"47","Roads & Highways","17","48,185.4","37.06","23.5%","47.1%","35.3%","11.8%","0%","17.6%","35.3%","35.3%"
"48","Ceramics","10","27,239.13","63.66","60%","80%","70%","50%","50%","40%","30%","70%"
"49","Plastic Products","87","1,55,601.32","47.67","47.1%","59.8%","44.8%","48.3%","44.8%","34.5%","56.3%","42.5%"
"50","Aerospace & Defence","29","9,53,814.21","51.98","37.9%","58.6%","24.1%","44.8%","58.6%","65.5%","58.6%","20.7%"
"51","Edible Oils","31","82,333.07","42.26","45.2%","51.6%","38.7%","48.4%","35.5%","48.4%","41.9%","41.9%"
"52","2/3 Wheelers","14","9,29,211.5","57.41","28.6%","28.6%","35.7%","35.7%","50%","57.1%","50%","28.6%"
"53","IT Software Products","46","81,368.47","45.75","32.6%","43.5%","32.6%","37%","28.3%","26.1%","58.7%","39.1%"
"54","Other Food & Beverages","67","1,93,817.28","38.41","47.8%","41.8%","44.8%","44.8%","43.3%","43.3%","41.8%","40.3%"
"55","Banks","32","54,06,101.71","48","59.4%","62.5%","53.1%","53.1%","62.5%","56.2%","50%","65.6%"
"56","Broadcasting & Cable TV","27","41,425.04","39.68","33.3%","37%","40.7%","25.9%","11.1%","11.1%","63%","33.3%"
"57","Personal Products","27","9,15,742.28","36.52","37%","37%","33.3%","44.4%","40.7%","37%","51.9%","48.1%"
"58","Household Appliances","17","61,959.24","45.07","35.3%","41.2%","29.4%","35.3%","41.2%","47.1%","47.1%","35.3%"
"59","Holding Companies","15","6,55,832.64","53.89","46.7%","46.7%","40%","53.3%","60%","46.7%","46.7%","46.7%"
"60","Sugar","40","61,728.3","53.57","60%","90%","47.5%","85%","67.5%","60%","12.5%","20%"
"61","Finance (including NBFCs)","283","21,24,296.11","49.93","44.2%","48.8%","44.2%","42.8%","37.8%","40.3%","50.9%","43.5%"
"62","Other Apparels & Accessories","72","2,36,135.8","60.25","51.4%","62.5%","51.4%","55.6%","34.7%","34.7%","54.2%","45.8%"
"63","Misc. Commercial Services","79","83,444.73","52.78","45.6%","59.5%","49.4%","41.8%","34.2%","34.2%","53.2%","50.6%"
"64","Footwear","18","58,907.22","40.7","33.3%","61.1%","44.4%","33.3%","16.7%","33.3%","55.6%","27.8%"
"65","Copper","8","53,403.15","51.63","50%","62.5%","37.5%","62.5%","50%","37.5%","75%","37.5%"
"66","Telecom Services","6","13,01,919.87","42.41","16.7%","83.3%","16.7%","16.7%","16.7%","16.7%","66.7%","16.7%"
"67","Advertising & Media","28","7,001.04","42.82","21.4%","50%","32.1%","21.4%","7.1%","17.9%","42.9%","35.7%"
"68","Other Financial Services","139","2,09,311.5","55.94","49.6%","48.2%","46.8%","48.2%","39.6%","37.4%","56.1%","43.2%"
"69","Consumer Electronics","25","3,52,671.81","52.22","36%","44%","32%","52%","48%","48%","60%","20%"
"70","Refineries/Petro-Products","10","20,77,604.82","43.5","70%","80%","70%","80%","70%","50%","70%","70%"
"71","Housing Finance","20","2,28,040.57","47.37","25%","65%","40%","20%","25%","40%","70%","45%"
"72","Abrasives & Bearings","9","1,53,115.93","45.36","33.3%","33.3%","33.3%","44.4%","44.4%","66.7%","55.6%","33.3%"
"73","Education","26","52,083.77","41.03","30.8%","57.7%","30.8%","23.1%","34.6%","42.3%","57.7%","42.3%"
"74","Tea & Coffee","24","1,20,464.49","38.68","54.2%","54.2%","50%","58.3%","58.3%","37.5%","33.3%","25%"
"75","Aluminium and Aluminium Products","29","5,86,960.49","38.12","55.2%","51.7%","51.7%","62.1%","44.8%","37.9%","51.7%","34.5%"
"76","Electronic Components","29","50,617.43","59.97","51.7%","48.3%","55.2%","37.9%","34.5%","48.3%","55.2%","41.4%"
"77","Paper & Paper Products","49","41,261.94","50.82","53.1%","67.3%","49%","55.1%","42.9%","32.7%","42.9%","49%"
"78","Computer Hardware","18","11,915.52","66.43","44.4%","50%","50%","38.9%","27.8%","33.3%","50%","22.2%"
"79","Fertilizers","27","1,87,407.68","39.94","44.4%","70.4%","44.4%","44.4%","29.6%","33.3%","74.1%","33.3%"
"80","Movies & Entertainment","46","62,225.91","53.51","50%","56.5%","50%","43.5%","41.3%","28.3%","60.9%","58.7%"
"81","Wires & Cables","21","2,47,372.38","49.66","61.9%","57.1%","57.1%","61.9%","71.4%","71.4%","33.3%","42.9%"
"82","Publishing","19","16,058.7","48.01","26.3%","21.1%","21.1%","31.6%","31.6%","31.6%","47.4%","42.1%"
"83","Other Industrial Products","69","3,16,415.8","67.64","55.1%","47.8%","47.8%","46.4%","43.5%","39.1%","53.6%","46.4%"
"84","Other Leisure Facilities","8","16,491.81","27.81","50%","62.5%","50%","37.5%","37.5%","37.5%","75%","0%"
"85","Electrodes & Refractories","11","58,328.3","54.41","54.5%","45.5%","45.5%","45.5%","63.6%","72.7%","45.5%","36.4%"
"86","IT Networking Equipment","6","48,306.22","73.85","33.3%","66.7%","33.3%","50%","100%","100%","33.3%","33.3%"
"87","Shipping","14","66,514.74","61.72","71.4%","85.7%","64.3%","78.6%","64.3%","57.1%","85.7%","57.1%"
"88","Compressors & Pumps","11","88,819.3","56.37","36.4%","72.7%","45.5%","27.3%","63.6%","72.7%","54.5%","45.5%"
"89","Consulting Services","34","35,417.28","44.95","52.9%","61.8%","47.1%","44.1%","32.4%","29.4%","35.3%","44.1%"
"90","Household Products","10","7,127.05","48.81","50%","40%","40%","40%","50%","40%","40%","50%"
"91","Department Stores","16","4,79,302.11","41.88","31.2%","56.2%","25%","18.8%","43.8%","50%","37.5%","25%"
"92","Utilities:Non-Electrical","21","2,66,628.8","45.66","42.9%","61.9%","28.6%","38.1%","42.9%","61.9%","52.4%","42.9%"
"93","Healthcare Services","40","1,73,050.21","56.06","50%","57.5%","55%","52.5%","50%","55%","47.5%","57.5%"
"94","Airlines","5","1,96,392.83","48.94","40%","40%","40%","40%","60%","60%","60%","20%"
"95","Breweries & Distilleries","19","2,42,798.47","56.34","31.6%","36.8%","31.6%","42.1%","26.3%","26.3%","47.4%","26.3%"
"96","Cigarettes-Tobacco Products","5","3,66,661.83","30.24","0%","20%","0%","0%","0%","0%","80%","20%"
"97","Gems & Jewellery","73","6,30,419.85","58.24","49.3%","53.4%","47.9%","43.8%","45.2%","45.2%","68.5%","52.1%"
"98","Other Non-Ferrous Metals","11","2,82,468.18","47.65","27.3%","36.4%","27.3%","27.3%","18.2%","45.5%","36.4%","18.2%"
"99","Green & Renewable Energy","21","5,93,077.38","48.43","28.6%","52.4%","23.8%","19%","19%","33.3%","61.9%","42.9%"
"100","Other Telecom Services","10","2,26,260.74","43.05","20%","20%","20%","10%","30%","50%","30%","20%"
"101","Telecom Equipment","14","53,038.7","45.9","57.1%","78.6%","57.1%","57.1%","64.3%","64.3%","64.3%","57.1%"
"102","Financial Institutions","8","4,12,361.29","36.17","25%","25%","25%","25%","25%","25%","62.5%","50%"
"103","Cars & Utility Vehicles","7","11,11,239.88","40.62","14.3%","28.6%","0%","28.6%","28.6%","28.6%","42.9%","14.3%"
"104","Internet & Catalogue Retail","14","7,01,936.58","56.27","50%","57.1%","28.6%","71.4%","42.9%","42.9%","35.7%","21.4%"
"105","Asset Management Cos.","10","4,91,064.38","29.09","20%","30%","30%","20%","30%","30%","50%","30%"
"106","Photographic Products","4","1,736.57","45.17","75%","50%","75%","75%","50%","50%","75%","75%"
"107","Restaurants","13","93,246.36","53.4","53.8%","76.9%","38.5%","69.2%","61.5%","61.5%","53.8%","30.8%"
"108","Transport Related Services","13","28,495.78","50.83","46.2%","61.5%","38.5%","38.5%","46.2%","46.2%","61.5%","46.2%"
"109","Investment Companies","27","31,878.24","54.15","44.4%","70.4%","37%","48.1%","55.6%","59.3%","44.4%","37%"
"110","Commodity Printing/Stationery","11","17,984.07","38.87","36.4%","36.4%","36.4%","36.4%","18.2%","9.1%","54.5%","54.5%"
"111","Houseware","9","26,253.09","42.23","44.4%","66.7%","44.4%","33.3%","22.2%","22.2%","66.7%","55.6%"
"112","Industrial Gases","7","62,781.46","44.1","42.9%","42.9%","28.6%","42.9%","42.9%","57.1%","71.4%","28.6%"
"113","Life Insurance","6","9,62,355.83","43.66","33.3%","50%","50%","16.7%","16.7%","33.3%","66.7%","33.3%"
"114","Surface Transportation","12","7,441.17","34.38","58.3%","75%","66.7%","50%","33.3%","25%","58.3%","66.7%"
"115","Healthcare Supplies","13","29,472.08","49.61","53.8%","53.8%","53.8%","53.8%","30.8%","23.1%","38.5%","30.8%"
"116","Furniture-Furnishing","26","28,904.28","47.38","30.8%","42.3%","38.5%","19.2%","42.3%","38.5%","57.7%","46.2%"
"117","Distributors","18","2,548.54","44.22","44.4%","50%","38.9%","38.9%","27.8%","38.9%","50%","38.9%"
"118","Travel Support Services","19","84,003.2","41.34","36.8%","42.1%","36.8%","36.8%","21.1%","15.8%","63.2%","36.8%"
"119","Fibres & Plastics","5","1,087.11","58.97","40%","40%","40%","40%","60%","40%","40%","20%"
"120","Special Consumer Services","16","51,564.86","62.88","43.8%","50%","43.8%","50%","56.2%","50%","75%","43.8%"
"121","Microfinance Institutions","15","1,49,635.52","54.43","20%","40%","13.3%","26.7%","80%","86.7%","40%","13.3%"
"122","Data Processing Services","7","33,808.31","29.62","28.6%","42.9%","42.9%","14.3%","28.6%","42.9%","71.4%","57.1%"
"123","Waste Management","10","5,540.28","46.36","20%","60%","30%","10%","30%","20%","30%","30%"
"124","REITs-InvITs","24","3,64,776.5","49.45","62.5%","45.8%","50%","70.8%","58.3%","54.2%","50%","54.2%"
"125","General Insurance","6","2,47,609.05","45.1","33.3%","33.3%","33.3%","33.3%","50%","50%","50%","33.3%"
"126","Medical Equipment","10","4,044.97","60.62","50%","40%","80%","50%","40%","40%","40%","60%"