Sl No,Stock,Market Cap,Net Profit Ann  1Y Ago,Net Profit Ann  2Y ago,Net Profit Ann  3Y Ago,Net Profit Ann  4Y Ago,Net Profit Ann  5Y Ago,Total Rev  Ann  1Y Ago,Rev  Ann  2Y ago,Rev  Ann  3Y ago,Rev  Ann  4Y ago,Rev  Ann  5Y ago,ROCE Ann  1Y Ago %,OPM Ann  1Y ago %,Net Profit Ann ,Total Rev  Ann ,NSE Code,BSE Code,ISIN
1,Shipping Corporation,13375.42,843.58,678.97,870.16,865.22,696.09,5800.36,5262.06,5907.21,5098.98,3828.85,10,30.42,1352.92,6226.78,SCI,523598,INE109A01011
2,V-Guard Industries,13270.57,313.72,257.58,189.11,227.69,200.82,5598.71,4890.7,4142.48,3510.95,2741.97,18.93,9.17,308.33,5989.29,VGUARD,532953,INE951I01027
3,Va Tech Wabag,13138.26,295.3,245.6,12.85,131.91,110.11,3338.6,2899.8,3014.08,3011.69,2842.7,16.78,12.65,370.5,4038.5,WABAG,533269,INE956G01038
4,Vedanta Iron and Steel,13068.52,-0.03,-0.02,,,,0,0,,,,62.4,,-0.04,0,VISL,544784,INE1CLE01013
5,Home First Finance ,13003.98,382.07,305.72,228.29,186.1,100.14,1539.2,1156.54,795.6,595.7,489.16,47.57,79.47,540.38,1922.72,HOMEFIRST,543259,INE481N01025
6,Engineers India,12966.32,579.77,445.26,346.27,139.52,248.91,3247.84,3500.02,3494.5,3042.72,3332.95,23.44,15.77,691.59,4123.24,ENGINERSIN,532178,INE510A01028
7,Trident,12928.44,369.88,349.52,440.74,833.75,304.39,7047.23,6866.59,6356.62,7020.23,4546.7,10.23,12.92,377.11,6775.16,TRIDENT,521064,INE064C01022
8,Tamilnad Mercantile Bank,12902.48,1182.61,1072.03,1029.26,821.91,603.33,6141.75,5492.86,4710.15,4656.43,4253.4,7.49,28.42,1337.55,6696.49,TMB,543596,INE668A01016
9,Lloyds Engineering,12887.85,103.14,,,,,869.9,,,,,21.13,15.54,189.88,1350.98,LLOYDSENGG,539992,INE093R01011
10,Ujjivan Small Finance,12805.5,726.1,1281.49,1099.92,-414.59,8.3,7200.59,6463.91,4754.19,3126.07,3116.89,9.47,23.46,692.63,8038.97,UJJIVANSFB,542904,INE551W01018
11,NMDC Steel,12730.55,-2373.78,-1560.32,0,0,-0.01,8574.56,3168.28,0,0,0,-14.37,-20.86,58.72,13727.81,NSLNISP,543768,INE0NNS01018
12,Shilpa Medicare,12650.23,78.29,31.87,-32.48,60.66,147.78,1309.57,1159.77,1067.51,1159.77,931.27,8.61,24.21,243.33,1548.71,SHILPAMED,530549,INE790G01031
13,Corona Remedies,12611.21,149.43,90.5,84.93,,,1202.35,1020.93,891.1,,,30.24,19.96,185.12,1413.83,CORONA,544644,INE02ZQ01018
14,Park Medi World,12601.58,205.16,153.49,219.67,,,1425.97,1263.08,1272.18,,,21.95,26.1,258.12,1710.96,PARKHOSPS,544645,INE119201023
15,Balrampur Chini ,12505.96,436.92,534.47,284.17,464.64,479.79,5504.2,5773.67,4728.65,4879.04,4838.58,13.57,12.79,378.46,6307.96,BALRAMCHIN,500038,INE119A01028
16,PCBL,12482.6,434.6,490.94,441.8,426.02,313.63,8451.64,6456.8,5814.67,4475.01,2677.52,13.27,15.82,197.87,8227.89,PCBL,506590,INE602A01031
17,Marksans Pharma,12482.39,380.58,313.7,266.31,186.81,238.54,2693.22,2227.83,1911.45,1532.69,1382.88,18.66,19.63,417.9,3033.47,MARKSANS,524404,INE750C01026
18,Shaily Engineering ,12471.1,93.12,57.29,35.15,35.27,,789.12,650.36,611.57,576.53,,22.13,22.31,169.91,998.45,SHAILY,501423,INE151G01028
19,UTI Asset Management ,12417.73,731.49,765.68,437.36,534.29,494.14,1859.94,1743.93,1290.09,1327.27,1172.82,19.99,59.23,404.12,1714.05,UTIAMC,543238,INE094J01016
20,JSW Holdings,12409.35,195.83,155.56,331.5,151.62,75.22,248.09,169.56,406.76,186.14,92.81,0.66,94.34,146.65,179.45,JSWHL,532642,INE824G01012
21,Ircon International,12315.11,727.41,929.57,765.23,592.34,391.06,11131.03,12870.52,10749.89,7585.71,5523.45,8.93,7.59,595.47,9501.97,IRCON,541956,INE962Y01021
22,Indegene,12306.45,406.7,336.7,266.1,164.76,149.4,2946.5,2665.9,2364.1,1690.5,996.92,20.32,18.13,401.1,3582.5,INDGN,544172,INE065X01017
23,Graphite,12253.96,462.11,808.1,199.35,504.56,-32.08,2998.47,3254.06,3313.87,3320.34,2273.56,9.9,8.45,175.33,3025.62,GRAPHITE,509488,INE371A01025
24,Tega Industries,12245.82,200.12,193.86,184.03,116.9,136.4,1681.8,1514.92,1234.66,975.95,856.68,18.14,20.21,142.65,1773.55,TEGA,543413,INE011K01018
25,Techno Electric,12220.76,422.95,268.46,186.86,263.89,181.78,2428.62,1638.49,904.14,1224.64,956.08,11.95,13.97,473.87,3401.17,TECHNOE,542141,INE285K01026
26,Amagi Media Labs,12199.35,-68.71,-245,-321.27,,,1223.31,942.24,724.72,,,-8.2,-7.4,71.67,1570.14,AMAGI,544679,INE121R01077
27,Viyash Scientific,12186.64,21.88,-35.87,-121.16,41.25,95.44,1566.06,1380.69,1427.3,1423.66,1369.98,10.03,10.33,177.28,3463.86,VIYASH,512529,INE807F01027
28,Shadowfax Technologies,12167.16,6.43,-11.88,-142.64,,,2514.66,1896.48,1422.89,,,2.67,2.23,111.71,4238.59,SHADOWFAX,544685,INE12UN01015
29,Prudent Corporate ,12141.27,195.65,138.75,116.69,80.34,45.3,1133.48,824.7,618.87,458.56,294.9,36.68,23.15,222.05,1340.6,PRUDENT,543527,INE00F201020
30,RRP Semiconductor,12118,8.46,-0.02,-0.07,-0.07,-0.08,31.95,0.38,0,0,0,40.38,35.46,-7.76,-6.73,,504346,INE713N01013
31,Lloyds Enterprises,12069.42,57.09,117.57,48.75,151.05,1.21,1570.93,1093.75,397.07,207.12,1.97,5.31,7.51,283.44,2183.71,LLOYDSENT,512463,INE080I01025
32,Can Fin Homes,12063.14,857.17,750.7,621.21,471.11,456.06,3879.62,3524.69,2743.13,1988.51,2018.43,63.45,92.2,1085.75,4218.24,CANFINHOME,511196,INE477A01020
33,JM Financial,12002.19,821.31,409.84,597.29,773.16,590.14,4452.83,4832.16,3343.07,3763.28,3226.63,21.69,51.44,1201.97,4260.59,JMFINANCIL,523405,INE780C01023
34,India Cements,11997.67,-143.68,-227.34,-125.01,78.46,206.76,4357.31,5176.97,5648.25,4882.74,4551,-3.28,-8.77,-67.25,4572.35,INDIACEM,530005,INE383A01012
35,ACE,11945.24,409.22,328.16,171.6,105.02,79.83,3427.37,2990.9,2200.79,1644.59,1242.46,35.46,14.76,415.09,3390.5,ACE,532762,INE731H01025
36,Metropolis Healthcare,11914.38,144.97,127.82,142.88,214.18,183.1,1346.32,1216.83,1163.43,1245.96,1010.03,13.31,22.51,190.02,1671.43,METROPOLIS,542650,INE112L01020
37,Diamond Power ,11912.18,34.5,17.02,,,,1115.95,344.12,,,,3.48,5.98,158.17,1918.1,DIACABS,522163,INE989C01038
38,South Ind Bank,11899.11,1303.09,1070.2,775.31,44.81,,11226.29,10127.33,8044.55,7620.43,,6.72,20.22,1455.64,11855.28,SOUTHBANK,532218,INE683A01023
39,Titagarh Rail Systems,11876.88,276.39,286.14,130.2,-0.33,-15,3943.1,3893.11,2822.17,1966.63,1545.5,17.96,10.98,122.82,3234.26,TITAGARH,532966,INE615H01020
40,JK Tyre & Industries,11848.7,495.04,786.23,262.48,210.02,319.34,14772.2,15046.13,14681.46,12019.52,9145.27,14,10.82,776.09,16384.28,JKTYRE,530007,INE573A01042
41,Jubilant Ingrevia,11847.33,251.18,182.89,307.5,476.71,54.36,4215.43,4171.1,4806.06,4980.85,686.73,10.99,12.31,277.91,4428.6,JUBLINGREA,543271,INE0BY001018
42,Aavas Financiers,11845.93,574.11,490.69,430.07,356.8,289.5,2358.42,2020.3,1610.15,1305.56,1105.34,38.75,75.16,654.88,2684.83,AAVAS,541988,INE216P01012
43,Aditya Birla Lifestyle Brands,11830.52,59.6,,,,,7907.67,,,,,15.18,15.07,171.05,8480.86,ABLBL,544403,INE14LE01019
44,Signatureglobal,11822.55,101.08,16.18,-63.86,-116.41,-86.02,2637.99,1324.56,1585.88,939.6,105.72,6.7,1.67,1094.63,2778.85,SIGNATURE,543990,INE903U01023
45,Swan Defence,11800.81,-181.04,-120.59,17937.14,-2085.96,-3426.93,17.53,2.46,7.76,17.39,30.58,-6.09,-615.87,-225.91,439.98,SWANDEF,533107,INE542F01020
46,IndiaMART InterMESH,11736.93,550.7,333.95,283.83,297.62,279.77,1660.76,1407.38,1165.92,865.68,756.15,26.17,31.48,474.68,1773.14,INDIAMART,542726,INE933S01016
47,Blue Dart Express,11697.85,252.42,301.01,370.53,382.21,101.81,5762.16,5318.67,5204.26,4441.28,3308.43,18.32,15.14,247.39,6182.8,BLUEDART,526612,INE233B01017
48,Zensar Technologies,11648.6,649.8,665,327.6,416.3,300.03,5440.8,5060.7,4951,4381.5,3806.84,20.39,15.01,774.6,5921.3,ZENSARTECH,504067,INE520A01027
49,SEDEMAC Mechatronics,11645.99,47.04,5.88,8.57,,,662.54,535.9,429.87,,,23.25,18.25,103.58,1063.65,SEDEMAC,544723,INE00XB01019
50,RateGain Travel ,11607.49,208.93,145.39,68.4,8.42,,1153.04,998.59,585.06,383.11,,15.98,20.13,194.39,1884.89,RATEGAIN,543417,INE0CLI01024
51,Jaiprakash Power,11513.81,813.55,1021.95,55.42,107.48,267.12,5707.55,7151.29,5922.15,4859.63,3429.01,10.05,32.49,450.63,5791.61,JPPOWER,532627,INE351F01018
52,Nazara Technologies,11482.56,75.82,56.57,39.4,28.4,9.24,1715.44,1217.91,1140.5,645.8,468.53,2.73,7.09,81.94,3072.56,NAZARA,543280,INE418L01047
53,Kirloskar Pneumatic,11463.41,211.19,,,,,1662.42,,,,,25.04,17.56,256.13,1814.46,KIRLPNU,505283,INE811A01020
54,Jain Resource Recycling,11456.85,224.34,163.83,91.82,,,7162.15,4484.84,3107.53,,,52.16,5.15,348.84,9571.48,JAINREC,544537,INE0YD401026
55,Procter & Gamble Health,11428.69,234.41,229.47,192.52,176.8,254.08,944.52,1248.01,1127.6,1026.83,1424.75,53.9,33.71,326.91,1425.31,PGHL,500126,INE199A01012
56,Olectra Greentech,11389.52,138.89,76.83,65.59,35.35,8.08,1814.21,1165.74,1100.82,600.96,292.86,18.88,14.36,179.53,2326.51,OLECTRA,532439,INE260D01016
57,Fujiyama Power Systems,11355.37,156.34,45.3,24.37,,19.76,1550.09,927.2,665.33,,408.44,42.68,16.03,304.12,2660.03,UTLSOLAR,544613,INE12UR01024
58,HEG,11333.57,115.06,311.68,532.41,431.04,-17.94,2287.26,2536.57,2576.38,2281.16,1369.14,3.99,11.15,341.37,2709.49,HEG,509631,INE545A01024
59,Edelweiss Financial ,11305.37,398.83,420.7,344.16,188.78,265.34,9518.71,9601.58,8632.59,7304.59,10848.85,19.84,32.02,546.63,10865.14,EDELWEISS,532922,INE532F01054
60,Avalon Technologies,11223.71,63.44,27.98,52.5,63.16,21.49,1115.23,882.04,959.07,851.65,695.9,15.4,10.3,112.95,1632.13,AVALON,543896,INE0LCL01028
61,Brainbees Solutions,11121,-191.47,-274.28,-441.08,-71.93,,7810.09,6575.08,5731.28,2516.92,,-0.35,2.94,-140.22,8732.25,FIRSTCRY,544226,INE02RE01045
62,Tilaknagar Industries,11002.69,229.59,138.01,149.9,45.19,-38.4,1451.72,1408.09,1171.87,793.84,560.17,25.53,17.56,20.87,2371.67,TI,507205,INE133E01013
63,Mahanagar Gas,10994.96,1040.57,1276.37,790.05,,,7430.39,6464.97,6411.16,,,21.64,21.13,841.16,8365.57,MGL,539957,INE002S01010
64,Jupiter Wagons,10972.74,382.26,331.56,120.79,49.68,53.4,4007.64,3668.28,2073.33,1181.75,997.58,20.01,14.41,171.08,2961.36,JWL,533272,INE209L01016
65,Godrej Agrovet,10927.01,429.72,359.67,301.91,402.59,313.74,9426.26,9601.87,9481.18,8385.74,6306.27,19.12,8.66,472.78,10338.52,GODREJAGRO,540743,INE850D01014
66,Akums Drugs & Pharma,10914.49,338.18,-4.04,94.86,-252.54,,4170.28,4212.21,3700.92,3694.52,,11.27,11.14,255.19,4487.74,AKUMS,544222,INE09XN01023
67,Afcons Infrastructure,10785.28,486.81,449.74,410.87,356.36,166.97,13022.77,13646.87,12844.09,11269.55,9521.13,15.24,10.41,251.5,12322.1,AFCONS,544280,INE101I01011
68,Rites,10750.15,384.8,455.4,542.04,516.37,432.38,2323.52,2538.97,2730.02,2745.28,2005.02,19.06,22.16,454.44,2524.57,RITES,541556,INE320J01015
69,Elecon Engineering ,10710.61,415.1,355.58,237.49,140.49,57.63,2287.01,1981.48,1549.74,1212.12,1050.43,24.71,23.72,341.15,2447.22,ELECON,505700,INE205B01031
70,Indian Energy Exchange,10646.81,429.17,350.78,305.89,309.26,206.09,657.37,550.85,474.1,484.4,356.23,46.42,69.01,492.92,746.95,IEX,540750,INE022Q01020
71,TSF Investments,10639.89,412.1,533.14,237.56,163.19,73.88,160.03,297.17,93.96,88.04,64.29,2.03,72.35,521.78,1003.45,TSFINV,,INE202Z01029
72,IIFL Capital,10610.3,712.34,512.34,250.16,306.06,220.34,2567.43,2231.29,1370.38,1316.41,867.62,42.01,38.84,561.35,2603.1,IIFLCAPS,542773,INE489L01022
73,Intellect Design Arena,10609.2,332.77,321.19,267.23,349.08,262.77,2577.03,2565.41,2282.59,1918.69,1510.14,15.39,20.59,345.43,3160.76,INTELLECT,538835,INE306R01017
74,BlackBuck,10559.49,-8.66,-193.95,-290.5,-284.56,-241.44,462.4,316.51,195.09,156.13,893.22,7.48,20.18,160.34,714.6,BLACKBUCK,544288,INE0UIZ01018
75,BBTC,10444.16,1122.63,684.41,-1675.87,63.41,369.53,18567.11,17506.72,17078.87,14910.98,13734.94,35.48,16.89,1242.67,19853.44,BBTC,501425,INE050A01025
76,Sanofi Consumer Healthcare,10421.35,181,0,-0.3,,,737.5,0,0,,,92.81,36.69,240.1,896.8,SANOFICONR,544250,INE0UOS01011
77,Karnataka Bank,10414.1,1272.85,1306.62,1179.68,507.99,482.46,10283.18,9617.48,8212.81,7175.54,7727.48,6.34,17.77,1310.75,10320.74,KTKBANK,532652,INE614B01018
78,Waaree Renewable ,10395.97,229.16,148.13,55.42,8.6,-2.37,1612.55,879.89,352.48,169.82,15.42,62.96,19.28,478.7,3351.85,WAAREERTL,534618,INE299N01021
79,Blue Jet Healthcare,10376.7,305.2,163.75,160.03,181.59,141.62,1076.24,740.46,744.94,702.88,507.71,34.96,35.1,247.82,1015.98,BLUEJET,544009,INE0KBH01020
80,Finolex Industries,10361.96,800.03,473.59,250.7,1051.33,737.79,4388.6,4497.38,4517.97,4729.55,3534.37,9.61,10.84,599.05,4324.79,FINPIPE,500940,INE183A01024
81,SBFC Finance,10293.52,345.17,237.02,149.8,64.22,85.19,1306.11,1019.82,740.36,533.03,511.18,27.43,68.42,450.83,1679.5,SBFC,543959,INE423Y01016
82,PC Jeweller,10205.77,577.7,-629.36,-203.2,-391,62,2371.87,669.87,2635.93,1658.94,2850.42,8.05,16.63,714.46,3549.58,PCJEWELLER,534809,INE785M01021
83,Triveni Engineering,10160.94,243.19,395.16,1791.81,424.06,294.6,5746.88,5282.11,5697.24,4313.13,4704.57,10.84,8.28,268.71,6366.67,TRIVENI,532356,INE256C01024
84,Manorama Industries,10159.55,109.79,,,,,791.85,,,,,36.34,23.54,214.94,1377.09,MANORAMA,541974,INE00VM01036
85,Transformers & Rectifiers,10148.61,214.27,44.5,40.71,13.99,7.06,2051.08,1300.49,1389.01,1171.59,751.68,24,15.96,264.39,2569.65,TARIL,532928,INE763I01026
86,Ramkrishna Forgings,10123.69,415.03,341.44,248.11,198.03,20.67,4060.49,3983.8,3196.85,2321.71,1294.52,7.34,13.78,71.8,4251.19,RKFORGE,532527,INE399G01023
87,Varroc Engineering,10122.1,61.23,526.02,-819.84,-1109.88,-631.91,8171.77,7594.07,6920.95,5878.13,11429.85,22.9,9.65,225.03,8908.04,VARROC,541578,INE665L01035
88,Reliance Power,10111.96,2947.83,-2068.38,-470.77,-605.91,228.63,8257.04,8260.23,7882.74,7686.73,8388.6,5.91,25.53,-336.89,7988.52,RPOWER,532939,INE614G01033
89,Suven Life Sciences,10079.01,-160.74,-105.08,-118.27,-122,-72.15,17.55,32.82,21.99,17.16,21.23,-143.86,-944.43,-276.34,21.04,SUVEN,530239,INE495B01038
90,WeWork Management,10019.39,127.4,-135.84,-145.86,,,2024,1737.16,1422.77,,,12.22,61.16,74.43,2490.43,WEWORK,544570,INE085001019
91,Lumax Auto Tech,9959.2,177.77,130.18,92.88,69.41,47.13,3687.7,2866.74,1871.33,1520.74,1126.11,21.28,12.6,278.86,4916.75,LUMAXTECH,532796,INE872H01027
92,Swan Corp,9944.42,755.3,301.17,-61.05,-157.89,-68.61,6883.68,5100.07,1448.91,494.09,324.41,15.19,-2.05,274.13,5143.51,SWANCORP,503310,INE665A01038
93,Sigma Advanced Systems,9895.86,-29.94,-12.75,8.83,4.62,1.85,41.56,37.4,43.83,79.1,66.27,9,-25.1,268.04,787.68,SIGMAADV,532408,INE933B01012
94,PVR INOX,9871.56,-279.6,-32,-335.07,-488.24,-747.79,5953.6,6263.7,3829.73,1657.13,749.35,3.16,25.89,333.6,6903.9,PVRINOX,532689,INE191H01014
95,Whirlpool,9871.26,359,217.04,219.02,566.37,351.83,8110.16,6993.59,6794.96,6259.87,5989.49,11.47,6.79,293.75,8233.39,WHIRLPOOL,500238,INE716A01013
96,Paras Defence,9839.71,63.47,32.06,36.06,27.04,15.72,372.58,261.77,230.65,185.53,144.61,13.64,26.09,88.1,492.55,PARAS,543367,INE045601023
97,Tejas Networks,9837.51,446.53,62.98,-36.41,-62.71,37.54,8968.63,2535.58,1000.58,593.89,551.45,22.44,14.02,-908.89,1136.66,TEJASNET,540595,INE010J01012
98,Jupiter Life Line,9828.34,193.5,176.61,72.9,51.13,-2.3,1290.22,1095.48,902.96,737.14,490.27,15.3,22.99,194.01,1542.16,JLHL,543980,INE682M01012
99,Strides Pharma ,9817.31,3593.46,-70.61,-202.64,-460.21,268.44,4624.06,4090.82,3778.72,3202.24,3367.3,19.35,17.36,556.19,5009.4,STAR,532531,INE939A01011
100,Zee Entertainment,9804.98,679.5,141.4,47.8,964.6,800.1,8417.5,8766.5,8167.6,8310.6,7840.3,8.85,14.4,273.1,8245,ZEEL,505537,INE256A01028
1,Reliance Industries,1753817.02,69648,69621,66702,60705,49128,982671,917121,889569,714909,483251,8.7,16.84,80775,1085997,RELIANCE,500325,INE002A01018
2,HDFC Bank,1255208.19,70792.25,64062.04,45997.11,38052.75,31833.21,470915.93,407994.77,204666.1,167695.4,155885.27,7,23.45,76025.97,495462.81,HDFCBANK,500180,INE040A01034
3,Bharti Airtel,1168927.61,33556.1,7467,8345.9,4254.9,-15083.5,174558.9,151417.8,140081.4,117081.2,101258.6,14.72,53.37,26695.2,213790.1,BHARTIARTL,532454,INE397D01024
4,ICICI Bank,1012037.08,51029.2,44256.37,34036.64,25110.1,18384.32,294586.93,236037.73,186178.8,157536.32,161192.19,6.72,26.4,54207.7,312118.36,ICICIBANK,532174,INE090A01021
5,SBI,942999.89,77561.34,67084.67,55648.17,35373.88,22405.46,663343.32,594574.9,473378.14,406973.09,385337.89,6.51,18.97,83298.78,712643.53,SBIN,500112,INE062A01020
6,TCS,793193.32,48553,45908,42147,38327,32430,259286,245315,228907,195772,167311,62.01,26,49210,271423,TCS,532540,INE467B01029
7,Bajaj Finance,634922.82,16637.82,14451.17,11507.69,7028.23,4419.82,69724.78,54982.51,41405.69,31640.41,26683.05,46.79,68.37,19017.39,81989.5,BAJFINANCE,500034,INE296A01032
8,Life Insurance Corp,555461.3,48320.33,40915.85,35996.65,4124.71,2974.14,893465.16,860795.02,792427.15,724742.92,703732.43,0.97,5.8,57453.15,983193.56,LICI,543526,INE0J1Y01017
9,L&T,533435.16,15037.11,13059.11,10470.72,8669.33,11582.93,259859.27,225270.94,186269.87,158788.31,139408.38,14.89,10.17,16083.99,291635.04,LT,500510,INE018A01030
10,Hindustan Unilever,492873.77,10649,10277,10120,8879,7995,64138,62707,61092,52704,47438,22.91,23.15,15040,65219,HINDUNILVR,500696,INE030A01027
11,Sun Pharmaceutical,467870.32,10929.04,9576.38,8473.58,3272.73,2903.82,54543.48,49851.04,44520.2,39576,34333.66,19.83,28,11479.42,60433.76,SUNPHARMA,524715,INE044A01036
12,Infosys,438746,26713,26233,24095,22110,19351,166590,158381,149468,123936,102673,35.85,23.55,29440,182972,INFY,500209,INE009A01021
13,Adani Enterprises,426649.38,7099,3240.78,2472.94,776.56,922.64,100365.08,98281.51,138175.12,70432.69,40290.93,8.29,14.2,9339.47,102943.24,ADANIENT,512599,INE423A01024
14,Maruti Suzuki,425732.56,14500.2,13488.2,8211,3879.5,4389.1,157935.2,145951.7,119712,90074.5,73308.3,19.29,12.76,14679.5,187673.2,MARUTI,532500,INE585B01010
15,Adani Power,422720.51,12938.77,20828.79,10726.64,4911.58,1269.98,58905.83,60281.48,43040.52,31686.47,28149.68,20.41,36.17,12834.3,57865.28,ADANIPOWER,533096,INE814H01029
16,Titan Company,407573.77,3337,3496,3250,2173,973,60942,51617,40883,29033,21830,36.93,9.34,5073,88136,TITAN,500114,INE280A01028
17,Axis Bank,406503.35,28055.11,26386.2,10818.45,14119.29,7195.5,155916.86,137989.36,106154.75,86114.19,80847.94,7.34,28.79,26384.85,162211.95,AXISBANK,532215,INE238A01034
18,Adani Ports,395067.8,11092.31,8110.64,5310.18,4728.09,4994.3,32383.08,28209.98,22405.39,18088.81,14519.83,13.94,58.75,12806.21,40854.36,ADANIPORTS,532921,INE742F01042
19,Mahindra & Mahindra,384150.92,12929.1,11268.64,10281.5,6577.32,1812.49,161361.03,141231.77,122475.04,91105.08,75310.89,14.21,18.65,17098.85,202084.34,M&M,500520,INE101A01026
20,Kotak Mahindra Bank,375388.81,22125.99,18213.21,14925.01,12089.39,9990.2,106902.24,94273.91,68142.03,59051.01,56814.77,7.32,30.73,19287.89,107947.59,KOTAKBANK,500247,INE237A01036
21,UltraTech Cement,347132.1,6039.11,7005,5063.96,7344.31,5463.1,76699.3,71525.09,63743.06,53106.64,45459.97,9.16,16.37,8165.64,89089.04,ULTRACEMCO,532538,INE481G01011
22,ITC,346565.09,34746.63,20458.78,19191.66,15242.66,13161.19,77853.03,73608.84,72917.34,62504.44,51905.34,36.41,33.37,20689.47,81294.2,ITC,500875,INE154A01025
23,NTPC,333080.48,23422.46,20811.89,16912.55,16675.9,14634.63,190862.45,181165.86,177977.17,134994.31,115546.83,9.4,28.36,27545.76,189798.56,NTPC,532555,INE733E01010
24,HCL Technologies,317200.31,17390,15702,14851,13499,11145,119540,111408,102814,86718,76306,30.84,21.34,16642,131674,HCLTECH,532281,INE860A01027
25,ONGC,311022.24,36225.62,49221.38,35440.48,45522.11,16248.69,624458.94,603669.06,640400.05,498707.43,313324,11.15,14.23,41424.38,674603.84,ONGC,500312,INE213A01029
26,JSW Steel,301573.39,3504,8812,4144,20665,7911,169518,176010,166990,147902,80431,7.93,13.51,22316,186718,JSWSTEEL,500228,INE019A01038
27,Bharat Electronics,300724.3,5321.44,3984.52,2984.42,2398.87,2098.94,24511.11,20938.38,18015.24,15599.72,14233.65,33.72,27.88,6062,28176.14,BEL,500049,INE263A01024
28,Bajaj Finserv,296309.82,8872.31,8147.79,6417.28,4556.77,4470.46,133822.12,110383,82072.01,68438.98,60591.57,35.45,36.77,9800.97,150530.38,BAJAJFINSV,532978,INE918I01026
29,Hindustan Aeronautics,296247.26,8364.13,7621.05,5827.74,5080.04,3239.46,33542.64,32277.68,28597.58,25604.95,23112.77,17.41,28.64,9115.6,36787.95,HAL,541154,INE066F01020
30,Bajaj Auto,288539.55,7324.73,7708.24,6060.21,6165.87,4857.02,52468.96,46306.45,37642.9,34428.85,29017.54,27.05,19.95,10744.21,65087.22,BAJAJ-AUTO,532977,INE917I01010
31,Eternal,285939.89,527,351,-971.3,-1208.7,-812.82,21320,12961,7760.9,4687.3,2118.42,2.63,2.99,366,55760,ETERNAL,543320,INE758T01015
32,Nestle,275556.11,3207.59,3932.84,,,,20260.42,24541.85,,,,57.17,23.45,3499.08,23194.95,NESTLEIND,500790,INE239A01024
33,Coal India,263117.68,35358.16,37402.29,28165.19,17358.1,12699.89,152838.98,150293.06,144802.57,113618.02,93818.39,24.24,30.79,31094.29,179675.97,COALINDIA,533278,INE522F01014
34,Power Grid Corp,260881.94,15521.44,15573.16,15417.12,16824.07,12036.46,47459.38,46913.12,46605.64,42697.9,40823.53,12.32,82.31,15927.95,47684.43,POWERGRID,532898,INE752E01010
35,Avenue Supermarts,256847.95,2708.02,2536.17,2378.51,1492.55,1099.49,59482.36,50935.28,42968.9,31093.76,24339.27,16.92,7.54,2970.49,68894.84,DMART,540376,INE192R01011
36,Adani Green Energy,256070.01,1444,1100,974,489,210,12422,10460,8633,5577,3599,8.02,71.46,1652,13819,ADANIGREEN,541450,INE364U01010
37,Asian Paints,255818.05,3667.23,5460.23,4106.45,3030.57,3139.29,34478.23,36182.69,34875.07,29481.29,22015.84,24.97,17.42,4325.35,36307.34,ASIANPAINT,500820,INE021A01026
38,Shriram Finance,242824.27,9553.82,7366.38,6011.04,2721.1,2498.83,41859.47,36412.99,30508.39,19274.23,17436.4,17.3,71.73,10024.16,48192.65,SHRIRAMFIN,511218,INE721A01047
39,Tata Steel,234540.59,3420.51,-4437.44,8760.4,40153.93,7490.22,220083.04,230979.63,244390.17,244744.06,157373,8.49,11.49,10793.87,233541.72,TATASTEEL,500470,INE081A01020
40,Hindustan Zinc,223540.5,10353,7759,10511,9629,7980,35066,30006,35477,30656,24448,63.24,49.59,13832,41934,HINDZINC,500188,INE267A01025
41,Hindalco Industries,215419.13,16001,10155,10097,13730,3483,241204,217458,224459,196195,133207,13.28,13.19,13391,277833,HINDALCO,500440,INE038A01020
42,Grasim Industries,210757.42,3705.68,5624.49,6827.26,7549.78,4304.82,149936.93,132242.58,121239.13,96522.47,77449.77,5.86,18.85,4966.48,176610.86,GRASIM,500300,INE047A01021
43,Eicher Motors,202754.03,4734.44,4001.01,2913.94,1676.6,1346.89,20175.25,17611.65,15037.29,10738.65,9173.54,23.08,23.36,5515.23,24894.09,EICHERMOT,505200,INE066A01021
44,Adani Energy ,202067.75,1059.97,1137.28,1256.33,1204.61,1224.04,24446.55,17218.31,13840.46,11861.47,10458.93,11.22,34.39,2282.54,28325.16,ADANIENSOL,539254,INE931S01010
45,InterGlobe Aviation,200080.63,7258.4,8172.47,-305.79,-6161.84,-5806.43,84098.2,71231.16,55881.42,26656.52,15677.6,15.52,21.47,-2391.9,89513.4,INDIGO,539448,INE646L01027
46,Indian Oil,197697.34,13597.84,41729.69,9792.12,25102.23,21638.21,761619.54,780194.7,845954.83,592417.96,367449.21,8.22,4.73,42096.26,788578.42,IOC,530965,INE242A01010
47,Divi's Laboratories,193208.05,2191,1600,1823.38,2960.45,1984.29,9712,8184,8112.17,9073.7,7031.96,18.85,30.56,2568,11067,DIVISLAB,532488,INE361B01024
48,SBI Life Insurance ,187108.18,2413.3,1893.78,1720.57,1506,1455.85,118234.56,133665.47,82393.73,84015.61,82779.69,0.65,1.43,2470.3,114263.31,SBILIFE,540719,INE123W01016
49,Wipro,184070.06,13135.4,11045.2,11350,12229.6,10796.4,92972.4,92391.1,92753.3,81373.2,64325.6,19.03,19.38,13197.4,96497.7,WIPRO,507685,INE075A01022
50,Vedanta Aluminium Metal,177805.35,-0.03,-0.02,,,,0,0,,,,62.4,,-0.04,0,VAML,544780,INE1CDF01017
51,TVS Motor Company,171031.36,2235.56,1686.37,1328.67,756.82,594.26,44158.57,39250.56,32111.99,24388.18,19468.04,22.9,15.06,3018.33,56091.53,TVSMOTOR,532343,INE494B01023
52,Torrent Pharma,169848.82,1911.25,1656.38,1245.23,777.18,1251.88,11539.36,10785.75,9665.29,8704.6,8061.48,28.71,32.25,2163.37,13886.15,TORNTPHARM,500420,INE685A01028
53,Solar Industries,165777.86,1209.44,835.93,757.19,441.28,276.35,7611.09,6113.99,6954.05,3967.27,2537.05,30.08,25.76,1677.55,9965.72,SOLARINDS,532725,INE343H01029
54,DLF,163345.82,4367.62,2727.11,2035.83,1500.85,1093.6,8995.89,6958.34,6012.14,6137.84,5944.89,6.26,23.44,4414.68,9816.04,DLF,532868,INE271C01023
55,Hyundai Motor,163239.51,5640.21,6060.04,4709.25,2901.59,,70062.94,71302.32,61436.64,47966.05,,40.98,12.78,5431.52,71712.37,HYUNDAI,544274,INE0V6F01027
56,Pidilite Industries,160220.55,2076.24,1729.38,1273.25,1207.56,1131.21,13387.53,12522.64,11848.71,9957.26,7372.11,27.05,22.5,2448.92,14867.01,PIDILITIND,500331,INE318A01026
57,Varun Beverages,157403,2594.63,2055.92,1497.43,694.05,329,20128.92,16121.94,13211.99,8891.16,6487.11,20.86,23.4,3036.49,22037.73,VBL,540180,INE200M01039
58,Jio Financial ,156263.35,1612.59,1604.55,31.25,,,2078.92,1854.68,44.84,,,1.2,74.47,1560.9,3542.61,JIOFIN,543940,INE758E01017
59,Tata Motors CV,156201.73,3195,,,,,59094,,,,,25.3,10.44,3030,84979,TMCV,544569,INE1TAE01010
60,Cummins,154552.86,1999.94,1720.58,1228.15,933.74,635.03,10837.61,9378.27,8080.24,6414.11,4633.86,29.6,19.19,2361.75,12660.53,CUMMINSIND,500480,INE298A01020
61,ABB,153506.44,1871.64,,,,,12541.71,,,,,35.54,18.38,1668.26,13555.09,ABB,500002,INE117A01022
62,Trent,153330.95,1546.72,1486.8,444.69,105.83,-146.17,17353.17,12664.38,8502.94,4673.23,2794.56,28.09,15.9,1719.65,20189.05,TRENT,500251,INE849A01020
63,ICICI Prudential Asset,153254.73,2650.66,2049.73,1515.78,1454.09,1245.37,4979.67,3761.21,2838.18,2635.29,2233.76,94.79,72.99,3298.26,6000.92,ICICIAMC,544658,INE346A01027
64,BSE,152412.13,1325.89,778.39,220.67,254.33,144.9,3236.31,1617.9,953.94,863.53,654.65,30.65,56.99,2496.98,5148.1,BSE,,INE118H01025
65,Cholamandalam,151894.96,4262.7,3420.06,2664.85,2153.51,1520.86,26152.76,19419.87,13105.59,10231.81,9639.72,27.82,69.49,5232.61,31538.73,CHOLAFIN,511243,INE121A01024
66,Tata Capital,151860.19,3664.66,3150.21,3029.2,,,28369.87,18198.38,13637.49,,,56.45,71.5,4846.1,31582.62,TATACAP,544574,INE976I01016
67,Hitachi Energy,151679.88,383.98,163.78,93.9,203.4,99.8,6442.1,5246.78,4483.65,4950.9,3438.94,13.07,9.25,987.84,8387.63,POWERINDIA,543187,INE07Y701011
68,Samvardhana Motherson,149735.88,3803,2716.2,1495.6,873.8,1039.2,114220.3,98879.3,78957.7,64031.7,57599.2,13.02,9.24,3859.7,126414.2,MOTHERSON,517334,INE775A01035
69,Vodafone Idea,147454.87,-27383.4,-31238.4,-29301.1,-28245.4,-44233.1,44591.9,42764.9,42488.5,38644.9,42126.4,-1.98,40.65,34552,45414,IDEA,532822,INE669E01016
70,CG Power & Industrial,147339.3,974.6,1427.01,962.67,912.54,1295.2,10070.83,8152.24,7040.3,5603.11,3075.37,32.05,12.96,1206.27,12662.22,CGPOWER,500093,INE067A01029
71,Tech Mahindra,147204.71,4251.5,2357.8,4831.3,5566.1,4428,53843.7,52912.4,54255.2,45758.3,38642.2,18.74,12.93,4810.9,56847.3,TECHM,532755,INE669C01036
72,Bharat Heavy Electricals,145045.35,533.9,282.22,477.39,446.03,-2697.11,28804.79,24439.05,23853.57,21565.63,17657.11,3.6,4.31,1600.26,34589.83,BHEL,500103,INE257A01026
73,Polycab,140960.59,2019.99,1784.04,1269.95,908.58,882.09,22615.95,18260.32,14241.1,12293.68,8911.52,27.96,13.09,2672.03,29120.04,POLYCAB,542652,INE455K01017
74,Bharat Petroleum ,134320.13,13336.55,26858.84,2131.05,11681.54,16164.98,442956.58,450317.76,474685.4,349059.66,232415.67,16.3,5.73,25843.45,458526.79,BPCL,500547,INE029A01011
75,Groww,134100.15,1824.37,-804.94,457.66,,,4061.64,2795.99,1260.96,,,49.3,58.41,2083,4815.88,GROWW,544603,INE0HOQ01053
76,Power Finance,133753.13,22990.81,19761.16,15889.33,14014.79,11747.83,106598.7,91174.87,77625.19,76344.92,71700.51,65.86,96.87,25900.95,115526.92,PFC,532810,INE134E01011
77,Union Bank,131985.04,18026.95,13797.12,8511.66,5265.32,2863.4,129979.25,118188.36,97078.53,81754.07,83210.54,7.01,24.01,19430.2,128399.51,UNIONBANK,532477,INE692A01016
78,Apollo Hospitals,128370.98,1445.9,898.6,819.1,1055.6,150.4,21994.3,19165.5,16702.8,14740.8,10605,15.32,13.74,1941.7,25420.1,APOLLOHOSP,508869,INE437A01024
79,Bank of Baroda,128172.21,20716.33,18767.38,14905.2,7849.69,1547.67,152884.14,141778.7,110777.98,87780.19,89001.18,6.53,24.79,19846.43,156825.44,BANKBARODA,532134,INE028A01039
80,Britannia Industries,127997.41,2178.73,2139.81,2321.77,1524.82,1863.9,18169.76,16983.45,16516.41,14359.09,13449.01,59.4,17.54,2533.49,19375.62,BRITANNIA,500825,INE216A01030
81,Siemens,127505.38,2716.6,1960.9,1542.9,1090.3,768.6,23165,20050,16445.6,13865.7,10261.4,22.42,13.4,2751.6,25598.6,SIEMENS,500550,INE003A01024
82,Siemens Energy,124421.38,600,,,,,4761.8,,,,,21.79,18.24,1100.1,7932,ENRIN,544390,INE1NPP01017
83,HDFC Life Insurance ,123679,1810.82,1574.08,1368.28,1326.93,1360.87,97287.61,102006.61,71644.4,67891.6,71927.7,0.4,1.13,1912.32,100355.41,HDFCLIFE,540777,INE795G01014
84,Bosch,122379.32,2015.2,2491.3,1425.5,1218.3,482,18901.3,17449.5,15402.5,12177.8,10220.2,19.57,12.22,2773.2,20888.7,BOSCHLTD,500530,INE323A01026
85,Tata Motors PV,122316.99,27830,31399.09,2414.29,-11441.47,-13451.39,445939,443877.69,350600.15,281507.25,252437.94,18.45,12.59,82390,341369,TMPV,500570,INE155A01022
86,Tata Power Company,121678.53,3971,3696.25,3336.44,1741.46,1127.38,66992.17,63272.32,56547.1,43735.63,32907.34,10.18,20.79,3747.19,64171.66,TATAPOWER,500400,INE245A01021
87,Punjab National Bank,121365.48,18480.29,9107.2,3348.45,3860.74,2561.97,140456.81,122394.01,99084.88,88339.49,94990.85,5.94,19.37,18392.69,149463.3,PNB,532461,INE160A01022
88,Muthoot Finance,120400.4,5332.9,4324.29,3612.3,4016.62,3804.4,20324.49,15162.74,11975,12237.46,11566.42,47.55,72.25,10590.34,31263.41,MUTHOOTFIN,533398,INE414G01012
89,LTM,120389.69,4598.7,4582.1,4408.3,2296.8,1936.1,38997.8,36218.9,33739.9,16135.4,12644.2,26.32,16.65,5018.1,43402,LTM,540005,INE214T01019
90,GE T&D,120126.78,608.33,181.05,-1.49,-49.62,60.32,4354.89,3190.46,2807.15,3091.69,3518.13,44.56,18.8,1233.25,6297.15,GVT&D,522275,INE200A01026
91,GMR Airports ,117943.76,-392.85,-559.27,-179.26,-1023.29,-2797.28,10835.89,9206.96,7288.99,4959.16,3996.74,5.7,34.75,175.49,15200.75,GMRAIRPORT,532754,INE776C01039
92,Bajaj Holdings ,116847.05,6520.67,7267.21,4850.52,4055.68,3649.83,831.45,1713.46,527.35,486.51,463.07,0.82,60.68,9636.75,1123.87,BAJAJHLDNG,500490,INE118A01012
93,Zydus Lifesciences,116491.71,4525.5,3859.5,1960.3,4487.3,2133.6,23511,19831.5,17424,15489.9,14449.1,22.77,30.02,5040,27657.9,ZYDUSLIFE,532321,INE010B01027
94,Cipla,116184.31,5272.52,4121.55,2801.91,2516.75,2404.87,28409.49,26520.66,23228.57,22044.25,19425.58,21.57,25.09,3879.23,29044.6,CIPLA,500087,INE059A01026
95,IRFC,115996.06,6502,6412.1,6337.01,6089.84,4416.13,27156.41,26655.92,23932.63,20301.6,15770.86,49.98,99.42,7009.17,27338.06,IRFC,543257,INE053F01010
96,Lodha Developers,115917.58,2764.3,1549.1,486.7,1202.37,40.16,14169.8,10469.5,9611.2,9579.17,5771.65,18.64,28.14,3428.2,17119.5,LODHA,543287,INE670K01029
97,HDFC AMC,115470.63,2460.19,1942.69,1423.37,,,4060.1,3163.39,2482.62,,,38.92,68.76,2858.06,4622.2,HDFCAMC,541729,INE127D01025
98,Canara Bank,114680.24,17539.62,15278.56,11254.75,6124.82,2890.6,152657.89,139164.94,111209.76,94256.88,93659.75,6.93,20.82,17872.87,153083.22,CANBK,532483,INE476A01022
99,Lupin,114171.55,3281.62,1914.48,430.08,-1528.04,1216.53,22903.72,20130.99,16715.02,16547.17,15299.25,21.29,23.07,5332.84,28382.48,LUPIN,500257,INE326A01037
100,GAIL,114097.7,12449.8,9899.22,5616,12256.07,6136.35,143171.13,134236.27,146996.77,93942.08,58492.11,11.59,10.78,7582.47,143107.86,GAIL,532155,INE129A01019
1,Indian Bank,112020.26,11261.47,8419.41,5572.31,4118.62,3149.15,72050.88,64231.68,52789.66,46268.15,45648.54,6.58,26.51,11704.28,78332.7,INDIANB,532814,INE562A01011
2,Aditya Birla Capital,110526.99,3332.32,3334.98,4795.77,1705.97,1126.54,40723.75,34560.58,30201.33,22241.35,19273.78,10.69,34.95,3764.49,45617.39,ABCAPITAL,540691,INE674K01013
3,Marico,109921.39,1629,1481,1302,1225,1172,11039,9795,9908,9610,8142,36.9,19.38,1762,13815,MARICO,531642,INE196A01026
4,Indus Towers,107914.05,9931.7,6036.2,2040,6373.1,3779,30886.5,28961.7,28743.1,28175.7,14350.4,28.12,66.86,7144.9,33311.5,INDUSTOWER,534816,INE121J01017
5,Godrej Consumer Products,107887.05,1852.3,-560.55,1702.46,1783.39,1720.82,14680.41,14365.06,13484.38,12366.21,11095.69,24.21,20.46,1861.47,15444.07,GODREJCP,532424,INE102D01028
6,Tata Consumer ,107763.21,1278.47,1150.33,1203.77,935.78,856.69,17811.55,15451.47,13952.04,12565.43,11723.41,7.92,13.92,1542.3,20455.18,TATACONSUM,500800,INE192A01025
7,Ambuja Cements,107672.63,4167.43,3576.79,2583.4,2780.38,2365.44,37699.01,34326.04,39674.74,29317.9,24965.76,9.16,15.84,4728.18,41490.02,AMBUJACEM,500425,INE079A01024
8,Jindal Steel,106701.22,2812.13,5938.42,3173.94,5753.05,3633.56,49932.48,50183.36,52768.23,51135.92,39527.55,9.94,19.01,3367.38,53553.14,JINDALSTEL,532286,INE749A01030
9,Max Healthcare,106077.07,1075.88,1057.64,1103.51,605.05,-137.55,7184.1,5584.09,4701.84,4058.82,2619.41,12.27,25.73,1442.41,8536.07,MAXHEALTH,543220,INE027H01010
10,Indian Hotels Company,106067.05,1907.59,1259.07,1002.59,-247.72,-720.11,8565,6951.67,5948.81,3211.38,1739.88,15.79,32.33,2084.38,9971.43,INDHOTEL,500850,INE053A01029
11,Mankind Pharma,105883.91,1990.96,1912.9,1281.86,1433.48,1265.43,12744.23,10615.63,8878,7977.58,6385.38,13.27,23.68,1912.93,14636.43,MANKIND,543904,INE634S01028
12,LG Electronics,105800.25,2203.35,1511.07,1344.93,,,24630.63,21557.12,20108.58,,,45.23,12.63,1685.09,24932.81,LGEINDIA,544576,INE324D01010
13,Lloyds Metals & Energy,105325.53,1449.93,1242.93,-288.54,97.38,0.13,6772.62,6574.59,3466.77,727.25,273.31,26.33,28.84,3680.85,17306.4,LLOYDSME,512455,INE281B01032
14,Dr. Reddy's Labs,102648.43,5655.1,5577.9,4507.3,2182.5,1951.6,33741.2,28905.4,25725.2,22029.6,19338.9,21.81,25.33,4196,35058.6,DRREDDY,500124,INE089A01031
15,Vedanta,102491.27,14988,4239,10574,18802,11602,156643,146277,150159,135332,91442,26.92,27.03,17391,79987,VEDL,500295,INE205A01025
16,Oracle Fin Serv,101587.02,2379.6,2219.36,1806.14,1888.83,1761.86,7151,6715.15,5890.15,5355.8,5115.9,36.85,43.02,2639.3,7942.7,OFSS,532466,INE881D01027
17,JSW Energy,100951.56,1950.89,1722.71,1477.76,1728.62,795.48,12639.49,11941.34,10867.05,8735.84,7159.65,5.7,41.31,2239.31,19877.72,JSWENERGY,533148,INE121E01018
18,Bharat Forge,100651.99,941.15,951.13,528.36,1081.76,-126.38,15336.57,15909.5,13083.12,10656.98,6505.16,17.86,17.57,1079.66,17010.34,BHARATFORG,500493,INE465A01025
19,United Spirits,100039.84,1582,1408,1136.3,828.6,383.6,12405,11546,10684.7,9747.9,8170.9,26.92,18.08,1838,12945,UNITDSPR,532432,INE854D01024
20,Hero MotoCorp,97665.34,4378.48,3744.83,2809.96,2316.88,2917.75,41967.5,38643.16,34727.39,30106.29,31517.09,29.47,14.17,5741.73,48469.37,HEROMOTOCO,500182,INE158A01026
21,Shree Cements,97093.16,1122.77,2395.7,1270.7,2331.94,2285.87,19872.05,21119.1,18311.41,15555.45,13942.66,6.67,19.8,1743.56,21604.3,SHREECEM,500387,INE070A01015
22,Mazagon Dock Shipbuilders,95782.58,2413.51,1936.97,1119.03,610.84,513.86,12553.11,10568.05,8514.01,6143.55,4621.92,34.5,16.41,2583.38,14145.71,MAZDOCK,543237,INE249Z01020
23,Lenskart Solutions,94760.27,295.59,-17.46,-67.98,,,7009.28,5609.87,3927.97,,,6.22,13.92,493.61,8988.34,LENSKART,544600,INE956O01016
24,FSN E-Commerce,94322.14,66.08,32.26,19.26,41.08,61.85,7977.08,6415.57,5174.01,3800.91,2452.64,12.9,5.94,199.44,10055.12,NYKAA,543384,INE388Y01029
25,IDBI Bank,93201.82,7630.68,5788.11,3706.06,2533.67,1513.97,34058.75,30370.41,25166.9,23238.41,24803.63,6.49,32.83,9209.97,35631.19,IDBI,500116,INE008A01015
26,REC,92610.49,15884.23,14145.46,11166.98,10035.7,8378.24,56434.03,47571.23,39520.16,39339.2,35575.4,68.85,96.05,16308.17,59628.35,RECLTD,532955,INE020B01018
27,Ashok Leyland,92119.66,3106.8,2483.52,1240.81,-358.61,-165.23,48893.6,45931.22,41783.37,26323.96,19585.26,15.37,18.83,3471.03,56946.9,ASHOKLEY,500477,INE208A01029
28,ICICI Lombard ,90643.32,2508.29,1918.59,1729.05,1271.01,1473.05,24000.81,20602.13,18870.57,16836.02,12678.39,22.84,14.61,2771.94,27088.18,ICICIGI,540716,INE765G01017
29,Aurobindo Pharma,90117.18,3485.88,3172.97,1927.5,2648.15,5334.84,32345.58,29559.25,25145.97,23775.84,25155.47,15.82,20.35,3504.75,34145.17,AUROPHARMA,524804,INE406A01037
30,Meesho,87052.85,-3941.7,-327.64,-1671.9,,,9900.9,7859.24,5897.69,,,-6.72,-5.84,-1357.74,13099.06,MEESHO,544632,INE0VDM01015
31,One97 Communications,87017.77,-658.7,-1417,-1775.9,-2392.9,-1696.1,7624.9,10524.7,8400,5264.3,3186.8,-9.53,-19.76,553,9291,PAYTM,543396,INE982J01020
32,Laurus Labs,84084.45,358.32,160.55,790.11,827.52,983.58,5613.89,5067.17,6046.55,4949.15,4837.17,11.82,18.8,888.79,6861.28,LAURUSLABS,540222,INE947Q01028
33,Hindustan Petroleum,83974.51,6735.7,16014.61,-6980.23,7294.23,10662.89,436194.02,435773.45,442175.16,352352.1,235892.18,12.67,3.79,18046.89,444027.46,HINDPETRO,500104,INE094A01015
34,Dixon Technologies,83300,1095.54,367.75,255.52,190.17,159.79,38880.33,17713.46,12197.62,10700.89,6449.75,29.88,3.88,1438.64,49585.84,DIXON,540699,INE935N01020
35,SRF,82465.38,1250.78,1335.71,2162.34,1888.92,1197.94,14825.79,13221.54,14945.18,12549.17,8466.39,12.89,18.34,1835.18,15893.57,SRF,503806,INE647A01010
36,Bharti Hexacom,81515,1493.6,504.4,549.2,1674.6,-1033.9,8729.7,7337.5,6719.2,5494,4704.3,18.4,48.08,1733.2,9577.6,BHARTIHEXA,544162,INE343G01021
37,Waaree Energies,81451.34,1867.39,1237.18,482.76,75.64,,14846.06,11632.76,6860.36,2945.85,,24.82,18.33,3711.3,27244.92,WAAREEENER,544277,INE377N01017
38,Federal Bank,80758.54,4158.85,3880.43,3164.72,1969.79,1664.33,32030.25,26781.95,20248.01,16502.46,16271.94,6.87,20.32,4345.3,34272.42,FEDERALBNK,500469,INE171A01029
39,Persistent Systems,79712.39,1400.16,1093.49,921.09,690.39,450.68,12076.87,9949.61,8421.21,5854.7,4295.66,28.61,17.04,1865.12,14928.88,PERSISTENT,533179,INE262H01021
40,NHPC,79566.72,3006.67,3624.42,3889.98,3523.57,3257,11729.31,10993.91,11284.9,10152.84,10705.04,6.21,47.06,3765.74,12686.09,NHPC,533098,INE848E01016
41,JSW Infrastructure,78975.4,1503.08,1155.91,739.83,327.95,291.38,4829.09,4032.3,3372.85,2378.74,1678.26,13.29,46.84,1523.31,5707.39,JSWINFRA,543994,INE880J01026
42,IndusInd Bank,78813.18,2575.55,8977.29,7443.5,4805.04,2930.1,56358.1,55143.98,44540.69,38230.07,35500.68,7.61,18.92,889.34,53479.87,INDUSINDBK,532187,INE095A01012
43,Adani Total Gas,78795.89,654.41,667.5,546.49,509.4,462.82,5030.66,4518.76,4415.04,3079.31,1739.96,15.67,22.53,655.72,5932.28,ATGL,542066,INE399L01023
44,NTPC Green Energy,78364.87,475.48,344.71,171.22,,,2465.7,2037.66,170.63,,,3.47,77.74,522.6,3035.12,NTPCGREEN,544289,INE0ONG01011
45,L&T Finance,78214.18,2643.66,2320.1,1623.25,1070.11,970.94,15940.98,14055.12,13301.7,12323.55,14080.1,36.43,60.29,2981.18,17917.03,LTF,533519,INE498L01015
46,AU SF Bank,77813.29,2105.93,1534.72,1427.93,1129.83,1170.68,18590.04,12300.61,9239.87,6915.42,6401.6,8.25,24.64,2641.25,21614.28,AUBANK,540611,INE949L01017
47,Dabur,76847.62,1767.63,1842.68,1707.15,1739.22,1693.3,13113.19,12886.42,11975.28,11281.84,9871.89,20.31,17.66,1895.03,13792.34,DABUR,500096,INE016A01026
48,Info Edge,76782.73,962.14,575.21,-107.41,12759.57,1407.08,3922.8,2950.08,2738.54,2029.39,1269.52,4.73,25.1,1449.81,4343.29,NAUKRI,532777,INE663F01032
49,Nippon Life Asset Mgmt,76466.18,1286.39,1107.32,723.33,744.16,680.33,2520.72,2037.34,1516.61,1535.63,1419.34,38.6,57.19,1529.38,2933.07,NAM-INDIA,540767,INE298J01013
50,ICICI Prudential ,76266.24,1185.52,850.66,813.49,759.2,956.16,71036.62,91712.45,51371.95,64590.61,84851.19,0.45,1.81,1607.89,63753.72,ICICIPRULI,540133,INE726G01019
51,Phoenix Mills,76209.75,984.23,1099.21,1334.96,237.35,52.61,3964.47,4109.87,2754.65,1557.91,1165.58,10.36,54.51,1223.82,4593.55,PHOENIXLTD,503100,INE211B01039
52,NMDC,74809.58,6541.98,5575.06,5601.46,9379.6,6277.01,25498.84,22678.73,18435.1,26600.25,15721.66,29.74,31.96,7450.42,33559.27,NMDC,526371,INE584A01023
53,PB Fintech,74618.81,353.01,66.98,-487.22,-832.91,-150.24,5384.94,3818.25,2816.84,1550.28,957.41,5.6,1.74,669.94,7166.45,POLICYBZR,543390,INE417T01026
54,Swiggy,74525.71,-3116.8,-2350.24,-4179.3,-3628.9,,15622.92,11634.35,8714.45,6119.78,,-25.83,-17.83,-4154,23561,SWIGGY,544285,INE00H001014
55,YES Bank,74231.03,2446.49,1285.2,735.82,1064.05,-3488.93,37075.62,32960.89,26826.76,22423.52,23475.39,6.51,11.62,3511.71,37292.75,YESBANK,532648,INE528G01035
56,Havells,74085.7,1472.26,1270.76,1071.73,1196.47,1044.31,22081.33,18838.97,17088.44,14098.92,10644.66,22.51,9.65,1690.56,23022.16,HAVELLS,517354,INE176B01034
57,Multi Commodity Exchange,73784.43,560.04,83.11,148.97,143.45,225.22,1208.86,758.94,581.17,433.31,494.34,24.03,55.04,1331.55,2429.05,MCX,534091,INE745G01043
58,Fortis Healthcare,73770.73,774.22,598.88,588.73,555.12,-109.76,7849.69,6931.17,6359.35,5744.95,4076.68,10.5,20.23,1041.78,9178.5,FORTIS,532843,INE061F01013
59,Bajaj Housing Finance,72974.59,2162.9,1731.22,1257.8,709.62,453.19,9575.96,7617.71,5665.44,3767.13,3155.28,43.6,91.8,2560.34,11150.29,BAJAJHFL,544252,INE377Y01014
60,Prestige Estates,72677.11,467.5,1374.1,941.8,1150,1456.2,7735.5,9425.3,8772,6600.2,7501.8,9.14,33.08,1195.5,13195.5,PRESTIGE,533274,INE811K01011
61,Torrent Power,72451.25,2988.5,1833.23,2117.43,453.98,1290.93,29652.47,27527.53,26075.97,14492.65,12314.47,14.82,17.9,2416.43,29288.92,TORNTPOWER,532779,INE813H01021
62,Suzlon Energy,72278.71,2071.63,660.35,2849.01,-199.59,104.18,10993.13,6567.51,5990.16,6603.97,3365.59,24.15,16.89,3163.39,16841.78,SUZLON,532667,INE040H01021
63,Oil India,71269.82,6550.93,6335.1,8728.59,5621.63,3527.84,34178.77,33808.89,36816.73,27048.18,18721.63,11.83,32.82,6619.94,35877.28,OIL,533106,INE274J01014
64,Biocon,70916.14,1013.3,1022.5,462.7,648.4,740.5,16469.9,15621.2,11550.1,8396.7,7360.3,6.04,19.22,385.6,17269.5,BIOCON,532523,INE376G01013
65,Oberoi Realty,68760.81,2225.51,1926.6,1904.55,1047.1,739.29,5474.18,4818.77,4293.2,2752.42,2090.59,16.64,56.69,2507.43,6304.27,OBEROIRLTY,533273,INE093I01010
66,IDFC First Bank,68538.84,1490.35,2942.35,2484.93,132.31,483.18,43478.3,36256.84,27195.09,20345.28,18221.95,7.47,16.97,1610.56,48422.39,IDFCFIRSTB,539437,INE092T01019
67,Coforge,68041.58,812.1,808,693.8,661.7,455.6,12215.4,9240.4,8076.5,6483.8,4695.4,14.73,13.87,1555.7,16475.9,COFORGE,532541,INE591G01025
68,SAIL,67996.71,2371.82,3066.67,2176.53,12243.47,4148.13,103354.09,106445.29,105398.08,104335.39,69974.28,6.5,10.3,3372.8,111705.02,SAIL,500113,INE114A01011
69,Alkem Laboratories,67847.16,2165.48,1795.77,984.17,1645.62,1585.02,13458.26,12978.42,11815.34,10796.84,9098.22,19.29,18.67,2301.8,15295.62,ALKEM,539523,INE540L01014
70,UNO Minda,66911.12,942.95,880.31,653.55,355.8,206.63,16803.9,14064.65,11285.38,8375.94,6420.77,16.76,11.15,1197.13,19692.02,UNOMINDA,532539,INE405E01023
71,National Aluminium ,66486.07,5267.94,1988.46,1434.66,2951.41,1299.41,17144.64,13399.86,14490.49,14478.23,9102.39,37.11,44.12,5797.01,18508.88,NATIONALUM,532234,INE139A01034
72,Bank of India,66300.5,9548.28,6564.46,3837.96,3492.57,2082.75,80412.44,67306.47,55142.86,46291.46,48350,6.17,20.65,10306.3,85649.56,BANKINDIA,532149,INE084A01016
73,Indian Overseas Bank,65125.79,3395.5,2665.66,2103.99,1709.27,758.35,33750.31,29730.97,23523.42,21641.17,22461.2,6.73,25.92,5418.47,37742.58,IOB,532388,INE565A01014
74,Glenmark Pharma,64923.12,1047.1,-1501.67,297.24,941.71,970.04,13435.46,12653.09,13306.9,12471.58,10994.14,19.62,17.5,1361.85,17443.13,GLENMARK,532296,INE935A01035
75,Schaeffler,64389.31,938.86,899.02,,,,8350.68,7375.46,,,,23.76,17.31,1150.35,9834.13,SCHAEFFLER,505790,INE513A01022
76,General Insurance,64289.99,7431.85,6685.86,6907.31,2386.28,1991.59,49941.19,46556.85,47750.46,49739.32,48594.37,11,18.95,9662.38,54376.91,GICRE,540755,INE481Y01014
77,Godrej Properties,63320.72,1399.89,725.27,571.39,352.37,-189.43,6967.05,4334.22,3039,2585.69,1333.09,9.28,0.64,1850.2,8410.88,GODREJPROP,533150,INE484J01027
78,HDB Financial Services,62170.3,2175.92,2460.84,1959.35,1011.4,391.47,16300.28,14171.12,12402.88,11306.29,10944.78,55.24,58.36,2543.83,18429.67,HDBFS,544429,INE756I01012
79,Bank of Maharashtra,61740.11,5541.78,4071.78,2605,1153.43,571.46,28402.61,23493.44,18179.53,15672.17,14495.16,6.28,32.82,7016.86,32823.72,MAHABANK,532525,INE457A01014
80,SBI Cards and Payment,61279.22,1916.41,2407.88,2258.47,1616.14,984.52,18637.15,17483.5,14285.67,11301.52,9713.58,36.85,28.66,2166.71,20707.62,SBICARD,543066,INE018E01016
81,Coromandel,61260.16,2066.46,1642.19,2012.94,1528.46,1329.15,24443.96,22289.75,29799.04,19255.12,14257.01,22.59,10.75,1956.15,31827.45,COROMANDEL,506395,INE169A01031
82,Linde,60146.68,454.84,434.09,538.06,507.22,151.1,2553.22,2845.68,3239.49,2166.62,1503.76,15.04,29.97,548.96,2548.88,LINDEINDIA,523457,INE473A01011
83,Jindal Stainless,59927.06,2505.2,2713.21,2114.5,1881.26,419.23,39603.06,38731.59,35823.32,21279.22,12229.36,17.46,11.78,3193.45,43306.14,JSL,532508,INE220G01021
84,Abbott,58361.2,1414.44,1201.22,949.41,798.7,690.69,6684.73,6097.18,5502.88,4996.48,4390.92,42.09,25.35,1552.02,7217.19,ABBOTINDIA,500488,INE358A01014
85,Motilal Oswal ,58218.55,2501.64,2441.06,931.69,1309.78,1245.45,8417.22,7130.52,4197.12,4319.83,3631.04,20.38,54,1869.31,9416.42,MOTILALOFS,532892,INE338I01027
86,Berger Paints,57385.34,1180.4,1167.74,859.42,832.82,719.75,11639.49,11262.6,10619.41,8826.37,6869.08,23.64,15.95,1126.87,11986.95,BERGEPAINT,509480,INE463A01038
87,Tube Investments,57189.75,673.71,1200.69,955.58,768.83,286.32,19835.71,17142.04,15107.98,12633.88,6194.72,16.1,9.32,636.84,23234.64,TIINDIA,540762,INE974X01010
88,Apar Industries,56838.46,821.3,825.11,637.72,256.73,160.5,18680.61,16239.41,14389.62,9352.48,6410.28,30.72,8.28,976.93,22966.89,APARINDS,532259,INE372A01015
89,Kalyan Jewellers,56377.29,714.8,597.35,433.1,224.21,-6.3,25189.67,18621.99,14109.34,10856.23,8618.67,20.88,6.02,1350.4,35950.88,KALYANKJIL,543278,INE303R01014
90,MRF,55853.17,1869.28,2081.22,768.95,669.23,1277.06,28561.29,25486.05,23261.17,19633.71,16373.13,13.77,14.3,2426.1,31653.64,MRF,500290,INE883A01011
91,The Fertilisers and Chemicals,55541.43,41.23,146.17,612.99,353.28,351.98,4267.36,5258.04,6333.72,4542.45,3326.41,17.65,2.22,-39.6,5900.08,FACT,590024,INE188A01015
92,Max Financial ,55339.16,327.23,340.11,378.49,253.37,425.39,46497.24,46618.32,31431.06,31187.58,31288.01,6.54,1.02,83.97,47696.43,MFSL,500271,INE180A01020
93,Colgate-Palmolive,54848.62,1436.81,1323.66,1047.15,1078.32,1035.39,6179.01,5756.95,5279.77,5126.04,4871.57,111.06,31.69,1325.31,6124.16,COLPAL,500830,INE259A01022
94,Radico Khaitan,54781.38,345.61,262.17,220.35,263.23,277.16,4856,4127.39,3152.22,2875.44,2438.21,17.39,13.87,604.48,6062.27,RADICO,532497,INE944F01028
95,Thermax,54490.18,634.47,645.28,450.29,312.31,206.58,10640.91,9556.03,8249.99,6255.34,4898.99,15.64,8.53,720.5,10961.63,THERMAX,500411,INE152A01029
96,Vishal Mega Mart,53349.59,631.97,461.94,321.27,202.77,,10774.9,8945.13,7618.89,5653.85,,13.03,14.2,839.23,12992.61,VMM,544307,INE01EA01019
97,Tata Communications,52728.09,1836.36,968.34,1795.96,1481.76,1250.63,23238.89,21251.29,18201.41,17056.82,17256.86,14.96,19.66,1001.57,25104.45,TATACOMM,500483,INE151A01013
98,Knowledge Realty Trust,51439.03,339.66,219.24,,,,3588.48,3115.97,,,,10.31,71.93,222.52,4146.86,KRT,544481,INE1JAR25012
99,UPL,50654.38,897,-1200,3570,3626,2871,47123,43581,54053,46521,38952,8.97,16.13,1922,52502,UPL,512070,INE628A01036
100,APL Apollo Tubes,50600.47,757.06,732.44,641.86,557.29,360.16,20785.6,18193.67,16213.13,13103.82,8535.69,22.02,5.77,1203.08,23190.85,APLAPOLLO,533758,INE702C01027
1,Choice International,18211.98,162.71,130.86,60.38,53.58,16.71,921.67,759.34,395.18,285.96,175.82,20.16,30.88,217.66,1144.5,CHOICEIN,531358,INE102B01014
2,Elgi Equipments,18182.65,350.2,311.89,370.81,178.43,102.48,3568.1,3272.75,3107.91,2579.68,1947.55,25.85,14.71,430.2,4068.5,ELGIEQUIP,522074,INE285A01027
3,Castrol,18176.11,927.23,927.23,815.15,758.09,582.94,5453.46,5453.46,4841.54,4240.49,3058.95,53.57,23.44,949.93,5788.93,CASTROLIND,500870,INE172A01027
4,Aarti Industries,18147.22,330.87,416.46,545.23,1185.67,523.47,7285.44,6380.73,6619.44,6086.28,4506.8,7.58,13.73,419,8291,AARTIIND,524208,INE769A01020
5,Emami,18055.82,806.47,723.53,639.57,838.98,454.7,3877.3,3624.89,3474.66,3287.28,2950.8,33.22,26.44,775.27,3864.62,EMAMILTD,531162,INE548C01032
6,Atul,18027.21,483.93,323.02,514.09,604.26,655.76,5692.38,4783.87,5542.39,5156.89,3834.45,11.52,16.04,677.9,6476.44,ATUL,500027,INE100A01010
7,Century Plyboards,17910.48,185.32,326.39,383.3,313.06,191.47,4538.08,3929.84,3694.26,3050.1,2147.68,12.12,10.72,262.7,5407.42,CENTURYPLY,532548,INE348B01021
8,Inox,17816.88,226.03,196,152.71,130.5,96.11,1346.66,1162.49,984.2,803.71,608.99,33.26,21.14,257.89,1632.25,INOXINDIA,544046,INE616N01034
9,Tata Chemicals,17706.84,235,268,2317,1257.62,256.37,15112,15707,17007,12878.1,10434.22,3.33,12.92,-1896,14900,TATACHEM,500770,INE092A01019
10,CIE Automotive,17572.07,827.51,1125.15,-136.2,392.9,106.4,9103.71,9362.36,8811.3,8442.3,6105,15.28,14.84,828.17,9507.73,CIEINDIA,532756,INE536H01010
11,Punjab & Sind Bank,17561.57,1015.83,595.42,1313.03,1039.05,-2732.9,13048.95,10915.44,8932.69,8055.19,7876.72,6.21,15.9,1321.93,13759.3,PSB,533295,INE608A01012
12,Lakshmi Machine ,17552.17,102.61,373.66,384.02,181.05,44.6,3136.68,4839.38,4866.97,3239.29,1806.1,5.03,4.44,130.73,3353.36,LMW,500252,INE269B01029
13,Sarda Energy & Minerals,17550.35,699.82,523,602.11,804.16,374.89,4815.25,4052.3,4261.29,3964.34,2343.27,12.51,25.7,1105.86,5927.54,SARDAEN,504614,INE385C01021
14,Natco Pharma,17423.81,1885.4,1388.3,715.3,170,440.9,4784,4126.9,2811.7,2043.8,2155.7,30.11,45.9,1418.5,4375.9,NATCOPHARM,524816,INE987B01026
15,Allied Blenders,17330.84,194.86,1.83,1.6,1.49,2.51,3540.75,3334.11,3157.7,2696.9,2367.4,23.22,12.16,228.32,3948.77,ABDL,544203,INE552Z01027
16,Chennai Petroleum,17229.05,214.09,2745.07,3531.53,1352.03,257.26,59381.26,66396.2,76741.89,43393.12,22545.73,4.57,1.71,3102.7,63705.41,CHENNPETRO,500110,INE178A01016
17,Poly Medicure,17200.71,338.56,258.26,179.28,146.51,135.87,1758.96,1434.54,1151.42,960.97,804.88,16.27,25.74,322.14,1995.34,POLYMED,531768,INE205C01021
18,Bharat Coking Coal,17188.99,1240.19,1564.46,664.78,,,14401.63,14652.53,13018.57,,,17.58,12.2,128.28,14924.26,BHARATCOAL,544678,INE05XR01022
19,PG Electroplast,17188.22,287.8,134.9,77.47,37.42,11.61,4904.64,2759.51,2164.33,1115.96,705.83,14.42,9.87,196.57,5342.81,PGEL,533581,INE457L01029
20,Travel Food Services,17171.01,363.15,287.78,243.82,,,1762.71,1462.4,1103.58,,,38.65,31.43,441.03,1742.64,TRAVELFOOD,544443,INE103V01028
21,Godawari Power ,16986.33,811.67,935.34,793.4,1466.67,638.39,5471.71,5553.28,5857.1,5428.55,4075.96,21.73,21.82,800.76,5474.79,GPIL,532734,INE177H01039
22,Syngene Intl,16976.3,496.2,510,464.4,395.8,404.9,3714.2,3579.2,3263.8,2657,2248.9,12.61,28.05,316.7,3809.4,SYNGENE,539268,INE398R01022
23,National Securities,16840,343.12,275.44,234.81,,,1535.19,1365.7,1099.81,,,22.5,24.46,379.74,1660.16,,544467,INE301O01023
24,NAVA,16787.11,1091.48,943.73,927.67,517.7,423.24,4135.17,3955.03,3928,3645.42,2797.52,15.41,44.38,786.67,4478.66,NAVA,513023,INE725A01030
25,Alembic Pharma,16725.55,583.42,615.82,341.99,520.94,1178.11,6714.63,6256.93,5655.36,5356.25,5403.15,14.4,15.02,674.77,7399.31,APLLTD,533573,INE901L01018
26,Crompton Greaves,16716.03,555.95,439.92,463.21,578.38,616.65,7932.38,7380.2,6936.39,5466.76,4879.26,19.22,11.2,-242.17,8161.15,CROMPTON,539876,INE299U01018
27,Gallantt Ispat,16695.43,400.74,225.35,140.91,,81.4,4308.34,4233.97,4059.98,,1009.37,18.8,16.12,484.27,4478.52,GALLANTT,532726,INE297H01019
28,Vertis Infrastructure Trust,16685.32,-160.61,34.2,,,,2071.98,643.11,,,,7.29,27.42,468.11,2298.97,VERTIS,,INE0KXY23015
29,Astra Microwave,16665.7,153.51,121.07,69.83,37.87,28.85,1068.71,920.51,820.98,756.84,651.77,20.84,25.17,192.97,1181.29,ASTRAMICRO,532493,INE386C01029
30,Amara Raja Energy,16589.42,944.67,934.38,694.53,512.57,646.83,12961.91,11818.85,10480.24,8775.13,7237.14,15.35,12.47,895.77,13920.18,ARE&M,500008,INE885A01032
31,Cohance Lifesciences,16563.24,267.87,300.28,411.29,453.8,362.34,1256.14,1113.26,1386.69,1412.6,1023.96,13.36,29.87,179.23,2302.64,COHANCE,543064,INE03QK01018
32,Jubilant Pharmova,16515.06,839.4,77.1,-60.98,413.94,835.87,7291.3,6771.6,6320.06,6141.45,6116.17,8.13,16.1,398.5,8345.6,JUBLPHARMA,530019,INE700A01033
33,Zen Technologies,16468.97,280.24,127.88,42.74,1.99,3.11,1032.03,454.77,226.09,75.13,57.66,23.07,36.19,193.45,773.11,ZENTEC,533339,INE251B01027
34,Jindal Saw,16393.79,1738.37,1677.03,632.4,375.89,318.83,20947.84,21125.9,18046.37,13450.97,10872.03,21.35,16.37,973.35,17986.85,JINDALSAW,500378,INE324A01032
35,Niva Bupa Health Insurance,16386.06,213.52,81.85,12.54,-196.52,-49.74,5529.7,4336.26,3227.32,2158.7,1413.08,8.37,2.65,130.78,6696.72,NIVABUPA,544286,INE995S01015
36,Garware Hi-Tech ,16371.87,331.22,203.29,166.14,167.18,125.95,2163.76,1716.08,1480.17,1342.06,1004.67,18.65,20.39,338.23,2184.95,GRWRHITECH,500655,INE291A01017
37,CCL Products,16359.84,310.34,250.08,268.88,204.35,182.26,3114.2,2660.02,2074.47,1466.12,1245.87,17.85,17.82,388.11,4465.8,CCL,519600,INE421D01022
38,Kansai Nerolac,16320.67,1142.95,1185.44,473.58,358.86,529.74,7962.12,7893.32,7568.71,6394.76,5112.46,13,11.84,589.47,8197.85,KANSAINER,500165,INE531A01024
39,Leela Palaces Hotels Resorts,16232.02,47.83,-2.13,-61.68,,,1406.56,1226.5,903.27,,,7.24,42.26,403.13,1597.78,THELEELA,544408,INE0AQ201015
40,Minda Corporation,16209.58,255.4,227.2,284.5,191.9,52.8,5088.6,4666.8,4315.9,3000.1,2401.1,13.79,11.29,360.26,6200.57,MINDACORP,538962,INE842C01021
41,Aequs,16205.96,-102.35,-10.84,-98.83,-106.2,,959.21,988.3,840.54,535,,0.39,7.65,-113.25,1295.82,AEQUS,544634,INE947N01017
42,JBM Auto,16198.68,201.91,178.83,124.38,156.19,49.3,5525.91,5029.67,3884.39,3214.04,1994.01,20.16,12.25,218.78,6227.3,JBMA,532605,INE927D01051
43,eClerx Services,16090.19,541.09,511.46,488.82,417.4,282.56,3452.39,2991.18,2713.85,2184.96,1598.94,27.85,23.41,706.21,4218.21,ECLERX,532927,INE738I01010
44,KSB,16081.22,247.48,208.73,182.74,149.39,93.78,2569.84,2279.58,1864.14,1530.98,1237.14,20.68,13.13,270.5,2754.9,KSB,500249,INE999A01023
45,DCM Shriram,16062.06,604.27,447.1,910.84,1067.35,673.37,12219.49,11021.02,11666.66,9719.33,8400.23,11.19,10.89,853.44,13734.48,DCMSHRIRAM,523367,INE499A01024
46,Welspun Living,16023.6,639.16,681.1,198.83,601.16,539.67,10697.24,9825.07,8215.1,9377.31,7407.95,15.27,12.14,204.44,9467.91,WELSPUNLIV,514162,INE192B01031
47,BASF,16016.54,479.06,563.27,,,,15339.45,13843.26,,,,16.49,4.78,420.1,15009.8,BASF,500042,INE373A01013
48,Five-Star Business Finance,15996.24,1072.49,835.92,603.5,453.54,358.99,2866.02,2195.1,1528.93,1256.17,1051.25,32.95,73.65,1098.75,3245.97,FIVESTAR,543663,INE128S01021
49,Bikaji Foods ,15991.97,200.85,265.7,128.54,77.95,90.21,2654.76,2356.66,1980.78,1621.45,1322.21,16.94,12.36,258.26,3045.27,BIKAJI,543653,INE00E101023
50,Sobha,15989.11,94.69,49.11,104.2,116.88,62.28,4162.76,3217.88,3402.43,2821.58,2190.4,5.96,7.07,193.41,5383.76,SOBHA,532784,INE671H01015
51,TBO Tek,15946.12,229.89,202.15,144.25,33.72,-34.14,1799.3,1415.48,1085.77,511.93,176.55,20.69,15.29,244.31,2728.71,TBOTEK,544174,INE673O01025
52,ABREL,15936.74,-161.28,50.53,271.88,166.53,-30.44,1257.33,4570.01,4827.17,4174.01,2678.19,0.05,2.35,-103.22,459.16,ABREL,500040,INE055A01016
53,Finolex Cables,15885.81,700.77,651.69,504.28,599.14,461.46,5516.31,5189.73,4598.85,3839.56,2845.1,11.67,9.81,713.72,6486.64,FINCABLES,500144,INE235A01022
54,Fine Organic ,15742.38,410.5,411.89,618.1,259.61,120.32,2366.75,2194.83,3087.23,1909.32,1150.32,24.3,21.67,417.07,2482.47,FINEORG,541557,INE686Y01026
55,Dr Agarwals Health Care,15648.41,83.46,83.06,94.1,37.69,,1757.02,1376.45,1031.49,713.78,,8.5,25.97,133.19,2124.52,AGARWALEYE,544350,INE943P01029
56,Black Box,15575.45,204.78,137.67,23.7,72.72,78.09,5971.94,6300.75,6309.19,5376.53,4685.15,25.09,9,217.52,6327.83,BBOX,500463,INE676A01027
57,KFIN Technologies,15452.46,332.62,246.05,195.74,148.55,-64.51,1128.48,862.18,737.52,645.56,486.2,28.62,42.45,343.71,1343.92,KFINTECH,543720,INE138Y01010
58,Vedanta Power,15426.48,31.84,602.15,-70.28,,,5244.21,5319.88,5806.61,,,7.83,20.36,-1713.26,5497.22,VEDPOWER,544781,INE694L01019
59,BEML,15393.47,292.57,281.81,157.92,128.79,68.9,4045.95,4096.56,3922.54,4343.19,3616.81,11.43,12.5,141.36,4379.97,BEML,500048,INE258A01024
60,Honasa Consumer,15383.45,72.69,111.78,-142.81,15.72,,2145.68,1969.6,1515.27,964.34,,7.86,3.19,199.94,2475.53,HONASA,544014,INE0J5401028
61,Kirloskar Brothers,15365.62,415.23,348.14,94.34,94.34,161.09,4564.12,4059.82,3090.06,3090.06,2770.27,25.63,13.35,373.63,4615.16,KIRLOSBROS,500241,INE732A01036
62,India Grid Trust,15360.64,285.37,455.57,348.41,333.71,505.72,2987.48,2414.29,2274.44,1714.15,1278.59,6.77,85.03,398.39,3437.73,INDIGRID,540565,INE219X23014
63,Ceat,15311.17,472.64,642.65,186.17,71.2,432.04,13235.42,11963.21,11331.82,9374.81,7623.41,15.36,11.14,698.02,15718.38,CEATLTD,500878,INE482A01020
64,Azad Engineering,15282.61,87.32,58.58,8.47,29.46,11.5,467.94,372.76,261.52,199.26,125.03,8.73,34.47,132.95,648.63,AZAD,544061,INE02IJ01035
65,Happy Forgings,15280.86,267.44,242.98,208.7,142.29,,1446.34,1371.59,1202.27,866.1,,19.43,28.12,301.63,1577.15,HAPPYFORGE,544057,INE330T01021
66,International Gemological,15257.4,427.29,324.74,,241.76,,1088.49,648.66,,499.33,,49.45,55.1,711.2,1661.88,IGIL,544311,INE0Q9301021
67,Rainbow Childrens Medicare,15245.15,243.42,217,210.83,138.27,40.02,1566.87,1333.96,1204.44,992.7,660.31,18.07,31.27,278.32,1746.86,RAINBOW,543524,INE961O01016
68,Fractal Analytics,15232.67,223,-47.5,203,,,2816.2,2241.9,2043.7,,,13.07,12.42,292.2,3362.6,FRACTAL,544700,INE212S01015
69,Usha Martin,15154.82,407.39,423.96,350.14,291.27,149.59,3513.55,3265.48,3295.82,2723.31,2130.59,17.64,16.99,465.99,3759.94,USHAMART,517146,INE228A01035
70,KPIT Technologies,15134.11,839.6,594.53,381,274.23,146.14,6009.67,4931.81,3405.23,2477.2,2051.5,35.39,20.46,637.34,6540.67,KPITTECH,542651,INE04I401011
71,Maharashtra Scooters,14921.18,214.35,199.31,195.29,142.71,8.81,185.2,223.54,217.76,194.46,30.71,0.49,92.75,310.56,313.24,MAHSCOOTER,500266,INE288A01013
72,Clean Max Enviro Energy,14874.83,27.84,-30.99,-65.27,23.22,,1610.34,1425.31,960.98,723.32,,6.6,55.92,94.13,2075.21,CLEANMAX,544717,INE647U01026
73,Paradeep Phosphates,14794.97,551.79,99.91,304.19,398.45,223.27,13931.6,11643.95,13431.79,7897.99,5183.94,22.67,9.01,996.35,21972.92,PARADEEP,543530,INE088F01024
74,Aptus Value Housing ,14785.9,751.25,611.9,503.01,370.14,266.94,1798.4,1416.84,1129,840.22,655.24,34.96,82.26,942.94,2245.48,APTUS,543335,INE852O01025
75,Ventive Hospitality,14511.11,120.29,166.32,,,,1672.53,494.71,,,,6.23,45.49,425.65,2666.09,VENTIVE,544321,INE781S01027
76,Apollo Micro Systems,14467.3,56.4,31.12,18.75,14.62,10.25,564.95,373.46,298.35,243.95,203.71,16.16,22.87,112.92,910.6,APOLLO,540879,INE713T01028
77,Anupam Rasayan,14447.35,93.35,128.6,180.84,152.18,70.3,1448.45,1505.32,1610.47,1081.11,837.32,8.95,27.68,170.12,2383.63,ANURAS,543275,INE930P01018
78,Alivus Life Sciences,14397.33,485.63,470.89,466.96,418.72,351.58,2421.45,2295.26,2190.18,2137.92,1885.98,22.32,28.19,564.48,2612.24,ALIVUS,543322,INE03Q201024
79,Privi Speciality ,14396.95,187,94.91,22.21,97.38,116.9,2121.84,1778.53,1629.24,1436.11,1296.52,20.29,21.37,327.54,2582.92,PRIVISCL,530117,INE959A01019
80,Vedanta Oil and Gas,14382.41,-188.09,-117.42,,,,891.33,668.54,,,,48.63,-10.65,-190.51,379.77,VOGL,544782,INE704J01044
81,Vijaya Diagnostic Centre,14298.53,143.08,118.83,84.63,109.68,84.48,699.71,568.62,473.37,475.2,388.59,19.88,39.05,172.98,835,VIJAYA,543350,INE043W01024
82,Arvind,14261.7,353.49,336.61,404.56,238.15,-16.52,8394,7778.58,8427,8084.28,5124.57,14.37,10.17,413.94,9359.51,ARVIND,500101,INE034A01011
83,Canara HSBC Life Insurance,14111.3,116.98,113.32,91.19,10.24,94.62,10728.36,11852.2,8446.49,8752.8,9437.06,0.2,0.82,126.61,11628.92,CANHLIFE,544583,INE01TY01017
84,Concord Biotech,14090.76,371.64,308.1,240.09,174.93,,1244.53,1050.72,888.48,736.35,,26.82,40.68,260.91,1107.25,CONCORDBIO,543960,INE338H01029
85,DOMS Industries,13957.7,202.34,153.14,95.81,14.36,-9.02,1935.23,1547.27,1216.52,686.22,408.79,23.9,18.01,230.18,2344.93,DOMS,544045,INE321T01012
86,Nuvoco Vistas,13916.59,21.84,147.37,15.86,32.08,-25.92,10376.1,10766.38,10599.38,9360.11,7522.69,4.05,13.22,359.35,11362.35,NUVOCO,543334,INE118D01016
87,Ingersoll-Rand,13915.17,267.52,222.39,182.64,110.14,72.35,1374.58,1241.2,1170.07,922.97,630.78,57.88,24.77,256.03,1430.8,INGERRAND,500210,INE177A01018
88,EID Parry,13881.43,878.35,899.67,947.48,906.83,447.37,31967.79,29716.92,35283.02,23743.78,18630.6,18.11,8.41,569.54,38883.44,EIDPARRY,500125,INE126A01031
89,Inox Wind,13841.46,448.22,-40.42,-666.87,-427.38,-305.56,3701.55,1799.32,758.42,706.18,786.98,12.53,20.46,405.03,4568.96,INOXWIND,539083,INE066P01011
90,Devyani Intl,13722.62,9.15,47.26,265,156.34,-55.21,4988.04,3588.96,3030.31,2100.13,1198.9,6.57,16.26,-38.63,5656.59,DEVYANI,543330,INE872J01023
91,Vinati Organics,13663.13,405.25,322.97,457.97,346.62,269.32,2292.48,1938.75,2157.13,1676.42,980.1,18.09,25.34,443.74,2279.53,VINATIORGA,524200,INE410B01037
92,Gravita,13619.88,312.39,239.19,201.1,139.39,52.48,3980.61,3238.56,2893.68,2223.71,1416.92,17.82,8.14,378.8,4342.2,GRAVITA,533282,INE024L01027
93,SKF Industrial,13579.63,-0.07,,,,,0,,,,,117.02,,217.67,3499.48,SKFINDUS,544572,INE2J8701016
94,JSW Dulux,13550.25,429.5,426.6,335.1,290.1,207.6,4118.8,3997.4,3829.5,3171.3,2444.6,39.88,15.57,1973.8,3697.7,JSWDULUX,500710,INE133A01011
95,Avanti Feeds,13529.19,528.82,357.14,278.67,221.57,,5777.74,5505.16,5179,5117.63,,22.89,10.96,606.06,6276.46,AVANTIFEED,512573,INE871C01038
96,CarTrade Tech,13529.04,134.65,14.3,34,-132.1,91.21,711,555.23,427.72,358.95,281.52,7.32,21.17,223,869.77,CARTRADE,543333,INE290S01011
97,KEC International,13505.66,570.74,346.78,176.03,332.08,552.72,21917.56,19966.58,17313.03,13755.69,13144.12,23.36,6.86,605.59,23555.87,KEC,532714,INE389H01022
98,LT Foods,13443.9,605.34,593.35,402.65,292.18,274.05,8769.94,7822.06,6978.81,5450.58,4686.17,19.69,11.15,625.38,11023.06,LTFOODS,532783,INE818H01020
99,Supreme Petrochem,13428.97,390.52,346.49,498.14,663.26,477.49,6096.54,5321.49,5346.14,5062.8,3206.45,22.53,8.74,327.31,5381.69,SPLPETRO,500405,INE663A01033
100,Atlanta Electricals,13419.23,118.65,63.52,87.47,55.3,,1250.48,872.05,876.66,627.69,,43.11,15.48,201.77,1867.17,ATLANTAELE,544527,INE0Z4F01028
1,Manappuram Finance,27885.79,1216.15,2188.68,1495.98,1328.44,1724.26,10040.88,8920.09,6749.95,6126.31,6374.62,41.31,54.18,1003.3,9524.68,MANAPPURAM,531213,INE522D01027
2,Mangalore Refinery,27824.26,56.2,3597.06,2655.41,2958.25,-567.51,94834.83,90598.26,109046.07,69825.34,32155.32,4.95,2.42,1924.58,88865.68,MRPL,500109,INE103A01014
3,ACME Solar Holdings,27702.4,252.11,697.8,-3.14,62.03,15.21,1575.24,1466.27,1361.37,1562.73,1910.21,6.54,78.43,498.92,2507.08,ACMESOLAR,544283,INE622W01025
4,Amber Enterprises,27641.14,243.56,132.88,157.2,109.19,81.59,10046.58,6784.58,6979.76,4239.63,3063.62,15.72,7.6,177.65,12306.64,AMBER,540902,INE371P01015
5,Go Digit Insurance ,27635.06,424.94,181.68,35.55,-295.85,-122.76,9695.55,8615.38,5885.7,3840.96,2251.99,10.59,1.96,631.69,10477.86,GODIGIT,544179,INE03JT01014
6,SJVN,27575.37,819.66,911.44,1359.3,989.8,1645.61,3376.5,2876.96,3282.5,2634.78,3222.84,4.45,65.78,642.08,4722.81,SJVN,533206,INE002L01015
7,ITI,27466.95,-214.89,-568.92,-359.85,119.7,9.39,3701.62,1308.13,1447.99,2115.3,2523.56,-2.3,-1.62,292.83,2237.12,ITI,523610,INE248A01017
8,Cemindia Projects,27238.64,372.81,273.73,124.24,68.81,15.76,9152.57,7765.9,5119.53,3820.88,2740.16,36.08,9.49,597.73,10237.54,CEMPRO,509496,INE686A01026
9,Syrma SGS Technology,27104.73,169.87,107.33,119.32,55.54,32.02,3836.12,3212.44,2092.14,1032.41,444.48,14.94,8.43,317.78,4856.87,SYRMA,543573,INE0DYJ01015
10,Apollo Tyres,27061.65,1121.32,1721.87,1104.64,638.6,350.21,26211.52,25531.29,24609.22,21071.06,17526.38,10.83,13.63,1372.42,28604,APOLLOTYRE,500877,INE438A01022
11,Sumitomo Chemical,27008.77,505.5,369.54,502.21,423.56,345.3,3268.62,2939.62,3555.82,3091.39,2663.48,22.87,19.34,542.96,3385.04,SUMICHEM,542920,INE258G01013
12,ZF Commercial,26901.34,460.73,406.45,317.67,142.07,,3939.16,3910.46,3511.23,2580.88,,18.66,16.02,517.15,4302.13,ZFCVINDIA,533023,INE342J01019
13,Sai Life Science,26899.89,170.13,82.81,9.99,6.23,,1731.35,1494.27,1245.1,897.74,,12.51,23.43,348.91,2241.62,SAILIFE,544306,INE570L01029
14,Sterlite Tech,26864.71,-123,-51,141,61.95,275.47,4032,5535,6966,5813.58,4868.15,4.5,10.32,56,4804,STLTECH,532374,INE089C01029
15,Gujarat Energy,26824.02,1148.32,1143.7,1528.38,1287.37,1277.72,16695.24,15796.3,16860.73,16547.09,9928.41,16.28,11.26,1677.58,24161.92,GUJENERGY,539336,INE844O01030
16,NBCC,26508.6,541.13,401.56,266.66,224.32,221.8,12273,10666.68,8961.47,7884.56,7012.36,29.96,5.09,720.03,13195.89,NBCC,534309,INE095N01031
17,PTC Industries,26368.81,61.02,42.22,25.82,12.81,4.35,342.23,270.26,226.73,185.23,168.55,6.02,21.99,101.56,643.29,PTCIL,539006,INE596F01018
18,Motherson Sumi Wiring,26294.54,605.9,638.3,487,410.7,-0.41,9332.2,8335.1,7079.7,5665,0,43.19,10.68,625.2,11481.5,MSUMI,543498,INE0FS801015
19,R R Kabel,26041.41,311.61,298.13,189.87,213.94,135.4,7669.35,6657.18,5633.64,4432.22,2745.94,20.67,6.33,492.22,9778.78,RRKABEL,543981,INE777K01022
20,ACC,26008.54,2402.12,2336.37,885.07,1862.99,1430.18,22834.74,20451.77,22552.07,16358.38,14002.72,15.86,13.41,2137.07,26363.79,ACC,500410,INE012A01025
21,Gillette,25528.87,417.66,355.68,289.33,310.38,230.18,2262.82,2499.23,2263.9,2041.15,1690.48,49.53,26.47,654.31,3127.42,GILLETTE,507815,INE322A01010
22,Nexus Select Trust,25015.68,598.55,-2.95,-10.95,-199.11,206.74,1998,0,1398.52,1047.97,1708.19,4.39,65.52,482.82,2399.41,NXST,543913,INE0NDH25011
23,Netweb Technologies,24921.24,114.48,75.9,46.94,22.45,8.23,1158.41,735.96,445.65,247.94,144.29,29.28,13.81,205.82,2202.4,NETWEB,543945,INE0NT901020
24,Capri Global Capital,24703.3,478.53,279.41,204.65,205.04,176.96,3250.84,2314.2,1465,981.79,737.14,43.2,61.69,949.15,4742.01,CGCL,531595,INE180C01042
25,AWL Agri Business,24615.91,1225.08,147.99,582.12,803.73,727.65,63910.28,51555.24,58446.16,54385.89,37195.66,21.7,3.88,1042.05,75148.47,AWL,543458,INE699H01024
26,Neuland Laboratories,24580.81,260.11,300.08,163.52,63.82,80.63,1497.35,1571.12,1200.95,953.15,953.01,16.23,21.59,364,2053.15,NEULANDLAB,524558,INE794A01010
27,IRB Infrastructure,24313.01,6480.68,605.82,720.01,361.4,117.15,8031.55,8201.76,6703.31,6355.45,5487.53,5.95,44.9,850.36,7853.98,IRB,532947,INE821I01022
28,Force Motors,24190.37,800.74,388.09,133.64,-91.08,-123.63,8128.29,7031.23,5091.01,3292.3,2013.08,25.49,13.44,1211.63,9167.51,FORCEMOT,500033,INE451A01017
29,Craftsman Automation,24140.51,194.57,304.47,248.39,163.09,97.19,5715.55,4468.97,3195.14,2224.42,1570.03,10.8,14.57,383.99,8130.63,CRAFTSMAN,543276,INE00LO01017
30,Rubicon Research,24088,134.36,91.01,-16.89,,,1296.22,872.39,419,,,34.76,19.75,246.74,1761.68,RUBICON,544578,INE506V01022
31,Timken,23984.23,447.39,392.14,390.74,327.1,143.18,3197.99,2950.31,2859.78,2217.53,1430.12,19.11,18.5,398.33,3447.32,TIMKEN,522113,INE325A01013
32,Gabriel,23892.38,244.98,178.75,,,,4089.34,3422.05,,,,26.7,9.53,252.28,4693.24,GABRIEL,505714,INE524A01029
33,CreditAccess Grameen,23698.23,531.4,1445.93,826.06,363.04,134.02,5756.14,5172.65,3550.79,2750.13,2466.07,37.65,47.16,777.64,6062.54,CREDITACC,541770,INE741K01010
34,Data Patterns,23575.42,221.81,181.69,124,93.97,55.56,754.69,565.83,462.67,314.81,226.55,19.67,36.44,271.37,952.73,DATAPATTNS,543428,INE0IX101010
35,RBL Bank,23274.83,717.07,1259.89,919.54,-166.15,529.47,17819.49,15453.75,12056.49,10796.37,10609.87,8,20.51,879.05,18463.93,RBLBANK,540065,INE976G01028
36,Emmvee Photovoltaic Power,23266.25,369.01,28.9,8.94,,,2360.32,954.44,644.37,,,23.03,30.59,1081.55,5103.39,EMMVEE,544608,INE1C6T01020
37,Asahi Glass,23259.56,371.27,327.98,364.88,344.78,133.07,4626.47,4365.86,4035.15,3189.73,2457.48,12.32,16.55,344.7,5031.03,ASAHIINDIA,515030,INE439A01020
38,Deepak Nitrite,23171.81,697.24,810.9,852,1066.64,775.81,8365.79,7757.93,8019.64,6844.8,4381.27,14.42,13.05,550.53,7946.94,DEEPAKNTR,506401,INE288B01029
39,KIOCL,23127.97,-204.58,-83.31,-97.67,313.41,301.17,640.63,1904.73,1623.81,3080.74,2477.83,-9.59,-31.28,16.57,708.26,KIOCL,540680,INE880L01014
40,IIFL Finance,23014.34,378.77,1763.54,1500.3,1187.89,760.12,10237.07,10490.47,8447.11,7006.28,5989.4,38.16,54.95,1660.8,13373.83,IIFL,532636,INE530B01024
41,Piramal Pharma,22901.85,91.13,17.82,-186.46,375.96,835.03,9285.99,8346.55,7306.66,6834.9,6479.01,6.4,15.56,-325.94,9082.38,PPLPHARMA,543635,INE0DK501011
42,Tenneco Clean Air,22809.7,552.06,416.66,381.08,,,4931.44,5537.39,4886.96,,,44.78,16.53,603.58,5462.93,TENNIND,544612,INE19RI01016
43,Grindwell Norton,22697.6,368.72,383.64,361.9,295.65,239.18,2891.47,2755.08,2597.41,2065.85,1688.88,20.66,17.75,415.66,3168.11,GRINDWELL,506076,INE536A01023
44,Aadhar Housing ,22564.41,911.83,749.64,544.76,444.85,340.13,3108.91,2586.98,2043.52,1728.56,1575.55,36.49,76.26,1095.88,3686.88,AADHARHFC,544176,INE883F01010
45,Kaynes Technology,22285.02,293.43,183.29,95.02,41.45,9.38,2828.72,1860.54,1137.51,710.35,424.66,15.98,14.52,363.89,3783.18,KAYNES,543664,INE918Z01012
46,Kalpataru Projects,22241.41,585.7,509.61,440.75,540.3,671.02,22378.26,19690.42,16401.14,14866.3,13016.46,16.19,8.2,1040.05,27247.93,KPIL,522287,INE220B01022
47,Granules,22234.82,501.52,405.31,516.6,412.76,549.46,4494.53,4510.77,4525.7,3782.53,3264.42,17.24,21.03,595.02,5385.97,GRANULES,532482,INE101D01020
48,Redington,22186.76,1604.84,1218.62,1392.56,1279.91,756.39,99561.72,89609.55,79518.71,62731.57,57041.59,21.32,2.04,1490.22,119347.43,REDINGTON,532805,INE891D01026
49,The Ramco Cements,22083.89,272.65,359.95,314.52,881.48,783.64,8559.57,9415.27,8190.19,6031.69,5321.37,4.81,14.4,698.65,9070.22,RAMCOCEM,500260,INE331A01037
50,Tata Elxsi,21912.02,784.94,792.24,755.19,549.67,368.12,3908.36,3674.1,3218.53,2515.33,1865.92,34.27,24.89,628.43,3941.4,TATAELXSI,500408,INE670A01012
51,City Union Bank,21884.51,1123.63,1015.73,937.48,760.17,592.82,6732.1,6012.22,5524.7,4863.86,4839.45,6.91,24.93,1326.23,7908.59,CUB,532210,INE491A01021
52,Brookfield Real Estate,21767.4,298.39,338.81,452.48,62.62,15.12,389,371.13,470.85,72.24,981.4,3.01,85.18,714.45,850.28,BIRET,543261,INE0FDU25010
53,CESC,21698.26,1368.94,1376.35,1342.83,1358.07,1330.93,17375.49,15544.26,14555.12,12819.57,11873.28,5.71,15.48,1542,18927,CESC,500084,INE486A01021
54,Pfizer,21508.74,767.6,551.33,623.93,612.56,497.61,2453.6,2373.68,2525.81,2673.64,2319.67,19.61,30.17,722.43,2707.6,PFIZER,500680,INE182A01018
55,EIH,21278.02,739.44,639.11,314.58,-97.46,-369.71,2879.51,2625.97,2096.41,1043.95,554.97,19.29,35.32,628.28,3105.74,EIHOTEL,500840,INE230A01023
56,Indraprastha Gas,21261.82,1717.76,1985.07,1639.65,1502.27,1172.55,15261.92,14260.97,14348.76,7886.6,5055.63,16.25,12.93,1549.62,16541.25,IGL,532514,INE203G01027
57,Affle 3I,21113.83,381.87,297.27,244.59,213.88,134.8,2360.07,1900.02,1488.28,1153.33,558.31,16.04,20.47,454.85,2787.56,AFFLE,542752,INE00WC01027
58,Belrise Industries,20999.37,355.44,310.88,313.66,261.85,,8352.45,7555.67,6620.78,5410.68,,16.84,12.23,496.86,9618.86,BELRISE,544405,INE894V01022
59,HBL Power Systems,20968.41,276.92,280.89,98.65,93.9,13.73,1993.29,2251.26,1386.36,1250.58,921.67,24.07,19.67,814.89,3361.82,HBLENGINE,517271,INE292B01021
60,Hatsun Agro Products,20772.44,285.44,267.29,165.86,217.91,246.35,8686.71,8012.99,7257.53,6380.18,5575.51,18.6,11.67,356.2,9972.94,HATSUN,531531,INE473B01035
61,Anant Raj,20728.91,425.82,265.93,151.12,54.89,10.65,2100.28,1520.74,1004.86,501.24,269.63,10.57,23.41,557.02,2579.08,ANANTRAJ,515055,INE242C01024
62,Cube Highways Trust,20698.67,347.8,-27.79,-978.07,-293.03,-229.45,1896.94,0,2379.84,1885.79,1596.56,4.89,62.29,999.57,2106.32,CUBEINVIT,543899,INE0NR623014
63,AstraZeneca Pharma,20668.75,115.74,161.51,99.29,61.6,93.3,1756.92,1330.33,1029.07,820.36,826.4,31.23,14.46,187.52,2304.07,ASTRAZEN,506820,INE203A01020
64,Prime Focus,20654.65,-377.11,-404.54,147.29,-171.57,-43.4,3825.5,4167.45,4923.75,3477.76,2610.28,14.43,20.55,301.42,4783.43,PFOCUS,532748,INE367G01038
65,Thangamayil Jewellery,20637.99,118.71,123.24,79.74,38.54,86.58,4916.3,3832.19,3155.9,2194.75,1820.94,16.6,4.45,351.65,8513.75,THANGAMAYL,533158,INE085J01014
66,Urban Company,20628.21,239.76,-92.77,-312.48,-514.14,-249.28,1260.68,927.99,726.24,509.17,289.78,2.48,-2.5,-234.81,1692.23,URBANCO,544515,INE0CAZ01013
67,Carborundum Universal,20601.87,292.74,461.25,413.99,333.36,284.31,4935.22,4778.84,4731,3364.57,2663.1,13.77,14.42,194.73,5277.96,CARBORUNIV,513375,INE120A01034
68,MTAR Technologies,20504.35,52.89,56.11,103.42,60.87,46.07,681.14,586.56,593.23,330.76,247.74,11.15,17.74,94.03,899.3,MTARTECH,543270,INE864I01014
69,Sansera Engineering,20327.97,215.16,185.76,146.2,130.45,107.99,3037.01,2813.86,2356.11,2004.52,1572.36,11.41,16.95,324.09,3557.37,SANSERA,543358,INE953O01021
70,Eris Lifesciences,20262.95,351.84,391.98,382.16,406.11,355.14,2912,2032.96,1696.3,1373.14,1220.57,12.74,34.93,619.52,3137.17,ERIS,540596,INE406M01024
71,Triveni Turbine,20259.45,357.17,269.14,192.55,270.19,102.46,2086.84,1716.17,1290.17,881.72,721.68,38.62,20.93,349.7,2257.6,TRITURBINE,533655,INE152M01016
72,Caplin Point Labs,20207.71,536.31,457.09,376.26,299.84,242.27,2033.9,1761.04,1522.71,1308.16,1084.83,23.34,31.81,641.24,2302.73,CAPLIPOINT,524742,INE475E01026
73,Sundram Fasteners,20191.24,539.1,521.68,494.69,456.72,359.18,5983.74,5720.47,5707.6,4941.4,3671.69,18.23,15.78,591.18,6368.25,SUNDRMFAST,500403,INE387A01021
74,IFCI,20099.58,171.04,103.65,-207.76,-1831.34,-1941.51,2064.16,2114.82,1518.87,1595.66,2093.81,7.95,57.28,180.87,2134.27,IFCI,500106,INE039A01010
75,Jammu & Kashmir Bank,20096.58,2081.79,1771.22,1180.52,494.85,428.45,13688.02,12050.88,10120.47,8803.39,8833.15,5.86,21.44,2359.51,14101.38,J&KBANK,532209,INE168A01041
76,Great Eastern ,19971.7,2344.26,2614.18,2575.01,629.68,918.52,6156.88,5918.7,6171.14,3669.12,3568.37,16.6,43.48,2942.52,6312.42,GESHIP,500620,INE017A01032
77,Kajaria Ceramics,19831.98,294.35,422.11,344.5,376.98,308.05,4677.81,4624.66,4415.55,3732.76,2802.2,16.51,13.39,485.41,4883.22,KAJARIACER,500233,INE217B01036
78,Sagility,19787.98,539.12,228.27,143.57,-4.67,,5626.23,4781.5,4236.06,944.39,,8.9,23.07,924.77,7290.83,SAGILITY,544282,INE0W2G01015
79,Sun TV Network,19698.32,1702.93,1925.07,1706.41,1641.8,1525.03,4712.6,4787.12,4149.1,3840.79,3483.73,19.46,45.26,1439.58,4900.47,SUNTV,532733,INE424H01027
80,Aether Industries,19599,158.42,82.49,130.42,108.93,,880.33,637.38,667.64,597.02,,10.36,27.39,219.46,1181.07,AETHER,543534,INE0BWX01014
81,Deepak Fertilisers,19512.58,933.59,442.51,1210.1,678.27,400.31,10355.24,8798.85,11384.71,7707.22,5841.16,16.65,18.59,737.25,11609.03,DEEPAKFERT,500645,INE501A01019
82,Central Mine Planning Design,19204.46,666.91,503.23,296.66,,,2177.53,1770.18,1398.78,,,41.43,38.62,613.18,2397.45,CMPDI,544739,INE05HV01027
83,JSW Cement,19129.37,-114.09,89.81,136.78,244.28,258.78,5914.66,6114.6,5982.21,4863.48,3923.63,6.08,12.07,-756.32,6664.86,JSWCEMENT,544480,INE718I01012
84,Sammaan Capital,19089.12,-1807.46,1214.39,1129.69,1177.74,1201.59,8683.25,8624.77,8725.79,8993.9,10030.12,10.83,28.09,-7144.56,8190.23,SAMMAANCAP,535789,INE148I01020
85,Gujarat Mineral,19080,685.79,617.24,1215.73,404.97,-39.34,3205.55,2733.07,3895.01,2888.87,1492.18,12.43,19.92,956.67,3077.25,GMDCLTD,532181,INE131A01031
86,Computer Age Mgmt,19037.3,470.19,353.64,285.25,286.95,205.29,1475.12,1177.17,998.64,926.94,735.25,49.51,44.21,476.01,1567.42,CAMS,543232,INE596I01020
87,Ola Electric ,18999.62,-2276,-1584.4,-1472.08,-784.15,,4932,5243.27,2782.7,456.26,,-25.08,-35.26,-1833,2460,OLAELEC,544225,INE0LXG01040
88,OneSource Specialty Pharma,18930.87,-17.97,-391.16,,,,1462.33,176.14,,,,3.26,31.9,-73.8,1436.61,ONESOURCE,544292,INE013P01021
89,Chalet Hotels,18765.6,142.56,278.16,183.33,-81.53,-139.08,1754.12,1437.04,1177.95,529.74,316.72,12.21,41.95,645.11,2812.42,CHALET,542399,INE427F01016
90,Jyoti CNC Automation,18522.47,316.01,150.86,15.06,-48.3,-70.03,1832.18,1344.95,952.6,750.06,590.09,25.94,26.79,336,2153.61,JYOTICNC,544081,INE980O01024
91,Vardhman Textiles,18481.58,883.27,631.59,795.16,1546.89,409.91,10120.84,9830.62,10329.44,9846.85,6341.43,10.82,12.48,745.25,10092.53,VTL,502986,INE825A01020
92,Bayer Cropscience,18477.49,568,740.5,758.2,645.3,493.1,5593.1,5184.2,5203.6,4789,4325.1,23.96,12.33,689.2,5770,BAYERCROP,506285,INE462A01022
93,SPR Auto Technologies,18477.13,506.68,442.56,293.46,163.56,88.75,3661.23,3174.6,2655.99,2093.88,1616.18,25.5,19.78,552.5,4571.28,SHRIPISTON,544344,INE526E01018
94,Zydus Wellness,18426.28,346.9,266.9,310.37,308.87,118.73,2722.5,2341.7,2259.65,2019.5,1875.61,6.4,13.95,197.2,3967.4,ZYDUSWELL,531335,INE768C01028
95,TD Power Systems,18363.09,174.58,118.35,96.81,70.65,45.2,1302.41,1016.73,892.05,814.14,602.91,26.91,17.72,238.77,1877.53,TDPOWERSYS,533553,INE419M01027
96,Firstsource Solutions,18324.78,594.46,514.73,513.72,537.37,361.69,7979.45,6373.09,6153.17,5921.71,5079.25,16.01,15.13,674.42,9563.85,FSL,532809,INE684F01012
97,Brigade Enterprises,18304.23,685.76,451.61,291.41,82.77,-46.32,5313.54,5064.15,3563.21,3065.51,2010.39,12.77,26.62,644.39,5909.01,BRIGADE,532929,INE791I01019
98,Ratnamani Metals & Tubes,18294.01,543.98,622.79,510.48,322.64,276,5246.09,5132.31,4507.09,3176.48,2341.54,19.83,15.7,482.55,4615.91,RATNAMANI,520111,INE703B01027
99,Chambal Fertilisers,18271.75,1649.51,1275.8,1034.22,1565.98,1654.76,16861.31,18215.51,27940.57,16136.83,12756.36,23.14,14.73,1953.39,20920.51,CHAMBLFERT,500085,INE085A01013
100,Pine Labs,18241.34,-145.49,-341.9,-265.14,,,2327.09,1824.16,1690.44,,,-0.55,9.39,112.51,2847.15,PINELABS,544606,INE15B701018
1,Sundaram Finance,50125.64,1879.44,1436.02,1317.81,1173.34,1165.09,8562.98,7285.5,5544.42,5145.67,5316.75,14.02,79.63,2058.86,9873.12,SUNDARMFIN,590071,INE660A01013
2,Premier Energies,50007.3,937.13,231.36,-12.8,,,6652.09,3171.31,1463.21,,,34.91,26.77,1509.77,8025.91,PREMIERENE,544238,INE0BS701011
3,Ather Energy,49370.33,-812.3,-1059.7,-864.5,-344.1,,2305.2,1789.1,1801.8,413.8,,-75.66,-25.2,-517.17,3823.08,ATHERENERG,544397,INE0LEZ01016
4,Piramal Finance,48939.72,-6.65,-1975.28,-7401.36,540.15,,8461.94,6769.26,6669.15,6104.75,,23.22,52.84,1504.31,12031.6,PIRAMALFIN,544597,INE202B01038
5,KEI Industries,48722.85,696.41,580.74,477.35,376.02,273.31,9807.67,8153.1,6939.95,5741.15,4201.6,16.86,10.1,918.43,11906.32,KEI,517569,INE878B01027
6,Ipca Laboratories,47643.11,737.68,547.35,471.32,884.08,1140.01,9032.39,7829.81,6369.94,5896.36,5482.83,15.15,19.11,1141.12,9820.78,IPCALAB,524494,INE571A01038
7,Hindustan Copper,47625.93,465.12,295.31,295.46,373.83,110.22,2148.23,1771.73,1773.21,1872.18,1821.6,21.26,34.34,918.54,3149.67,HINDCOPPER,513599,INE531E01026
8,Rail Vikas Nigam,47469.65,1281.39,1574.3,1420.55,1182.69,922.41,20922.8,23074.8,21278.04,20181.94,15713.08,14.12,5.38,874.7,21187.35,RVNL,542649,INE415G01027
9,Bharat Dynamics,46700.06,549.65,612.72,352.17,499.92,257.77,3695.45,2731.1,2644.79,2928.61,2008.37,10.18,12.78,420.34,2865.56,BDL,541143,INE171Z01026
10,Aegis Logistics,46686.51,663.38,569.2,462.95,357.52,223.38,6972.15,7235.51,8814.2,4669.72,3880.33,11.66,15.75,898.15,8659.79,AEGISLOG,500003,INE208C01025
11,Godrej Industries,46576.4,981.38,59.97,974.78,653.73,334.57,21924.09,18096.98,17762.36,15064.67,9994.77,9.61,9.57,1240.53,25980.6,GODREJIND,500164,INE233A01035
12,Voltas,45678.63,841.37,252,135.01,504.09,525.14,15737.25,12734.47,9667.22,8123.64,7744.64,19.31,7.09,375.88,14482.65,VOLTAS,500575,INE226A01021
13,M&M Financial,45208.81,2261.87,1932.69,2072.4,1136.87,773.21,18530.46,15970.32,12832.4,11400.51,12170.5,16.38,62.77,2854.53,21086.73,M&MFIN,532720,INE774D01024
14,AIA Engineering,45153.08,1060.74,1135.57,1055.93,616.67,566.12,4619.07,5135.16,5143.31,3722.84,3053.69,19.55,24.88,1270.16,4893.91,AIAENG,532683,INE212H01026
15,Gujarat Fluorochemicals,45148.35,546.06,434.95,1328.81,787.19,-218.71,4853.18,4387.74,5856.96,4114.14,2851.58,10.63,22.64,578,5038,FLUOROCHEM,542812,INE09N301011
16,Page Industries,44994.83,729.14,569.19,571.25,536.53,340.58,4996.54,4601.63,4803.37,3907.44,2852.43,62.78,21.27,763.82,5310.67,PAGEIND,532827,INE761H01022
17,360 One Wam,44694.68,1015.3,804.21,657.93,577.74,369.19,3684.39,2924.73,2063.78,2077.83,1659.02,31.74,54.36,1216.17,4477.26,360ONE,542772,INE466L01038
18,Mphasis,44645.24,1702.14,1554.82,1637.92,1430.89,1216.8,14484.99,13496.32,13960.1,12121.89,9855.26,23.19,18.27,1862.6,16205.54,MPHASIS,526299,INE356A01018
19,Welspun Corp,44419.7,1908.14,1110.4,206.69,438.8,767.58,14167.33,17582.06,10078.08,7056.33,7509.39,16.9,11.77,1613.05,16905.39,WELCORP,532144,INE191B01025
20,Data Infra Trust,44120.85,1119.2,796.7,546.9,-568.1,-1088.5,13350.9,11244.6,9819.2,8259.5,7489.2,7.93,38.63,839.9,19623.7,,543225,INE0BWS23018
21,Supreme Industries,43962.74,960.88,1069.72,865.33,968.45,978.14,10504.09,10199.95,9231.36,7792.77,6361.33,19.31,13.63,953.98,11262.47,SUPREMEIND,509930,INE195A01028
22,Aditya Infotech,43618.83,351.37,115.17,108.31,96.93,,3122.93,2795.96,2295.56,1661.65,,21.01,7.92,367.96,4233.65,CPPLUS,544466,INE819V01029
23,Ajanta Pharma,43272.05,920.39,816.17,587.98,712.68,653.87,4742.6,4293.31,3841.28,3456.67,2915.67,30.1,26.56,1056,5624.93,AJANTPHARM,532331,INE031B01049
24,Authum Investment,42834.93,4241.41,4284.83,4304.02,,,4612.21,2611.2,542.01,,,27.66,88.78,1931.09,2653.88,AIIL,539177,INE206F01022
25,Aster DM Healthcare,42781.25,5377.83,129.28,424.91,525.99,147.74,4286.69,3723.75,12011.13,10303.94,8658.4,11.59,17.83,388.14,4768.82,ASTERDM,540975,INE914M01019
26,Anthem Biosciences,42417.04,451.26,367.31,385.18,,,1930.28,1483.07,1133.99,,,26.88,34.75,591.79,2280.12,ANTHEM,544449,INE0CZ201020
27,JK Cement,42076.45,861.12,790.83,426.33,687.12,709.72,12052.1,11701.06,9807.6,8133.69,6719.06,12.51,16.82,992.49,13916.84,JKCEMENT,532644,INE823G01014
28,GlaxoSmithKline,42038.1,930.24,594.13,616.72,1694.72,358.15,3895.14,3576.3,3352.38,3353.8,3036.18,57.03,30.23,1035.98,3967.03,GLAXO,500660,INE159A01016
29,Embassy Office Parks REIT,41987.9,1624.44,964.03,505.96,888.38,698.35,4181.3,3888.27,3563.67,3089.53,2478.85,3.39,59.62,338.54,4675.84,EMBASSY,542602,INE041025011
30,NLC,41966.56,2621.36,1854.09,1395.68,1092.57,1313.21,16889.45,13946.44,17383.22,12545.96,11798.42,9.92,28.66,3522.2,18466.89,NLCINDIA,513683,INE589A01014
31,Petronet LNG,41910,3972.68,3652.44,3325.82,3438.11,2939.23,51755,53337.79,60422.42,43466.3,26381.98,23.63,10.67,3912.53,44358.98,PETRONET,532522,INE347G01014
32,Poonawalla Fincorp,41863.31,-98.34,1682.75,683.97,375.12,-558.96,4222.84,3147.33,2008.28,2041.03,2352.48,16.73,33.43,541.81,6795.65,POONAWALLA,524000,INE511C01022
33,Sona BLW Precision ,41589.84,601.21,517.27,395.3,361.54,215.16,3681.45,3208.73,2687.18,2150.67,1568.64,14.15,26.26,640.17,4572.11,SONACOMS,543300,INE073K01018
34,Narayana Hrudayalaya,41587.42,790.16,789.26,606.25,341.93,-14.3,5575.01,5093.44,4590.21,3735.88,2610.52,17.95,22.89,805.6,7996.25,NH,539551,INE410P01011
35,Balkrishna Industries,41087.64,1654.96,1471.49,1057.4,1435.38,1177.53,10985.74,9818.09,10106.06,8733.04,5955.35,20.29,22.37,1243.1,11074.91,BALKRISIND,502355,INE787D01026
36,HUDCO,41056.97,2709.14,2116.69,1701.43,1716.41,1578.5,10348.38,7948.1,7086.18,6997.66,7277.73,52.29,100.09,4034.37,13327.13,HUDCO,540530,INE031A01017
37,Gland Pharma,40824.23,698.53,772.46,781.04,1211.66,996.96,5830.11,5834.96,3865.06,4624.65,3597.65,11.43,21.77,1027.32,6746.98,GLAND,543245,INE068V01023
38,3M,40469.87,476.07,536.27,416.14,266.18,149.3,4515.82,3994.23,3797.66,3113.02,2447.23,39.79,17.04,522.32,5138.5,3MINDIA,523395,INE470A01017
39,Indian Railway Catering,40236,1314.9,1111.08,1005.88,,,4903.86,4434.66,3661.9,,,43.19,31.6,1393.45,5475.16,IRCTC,542830,INE335Y01020
40,J B Chemicals,40202.29,659.58,552.63,409.84,385.36,447.96,3956.31,3521.45,3159.22,2463.47,2154.9,24.69,26.08,709.47,4207.94,JBCHEPHARM,506943,INE572A01036
41,Physicswallah,39863.99,-215.9,-1040.43,-81.45,,,3039.09,2015.35,772.54,,,-5.15,2.42,-22.49,4131.04,PWL,544609,INE0LP301011
42,PI Industries,39783.52,1660.2,1681.5,1229.5,843.8,738.3,8322,7873.5,6651,5400.9,4701.9,20.57,26.18,1320.8,7024.4,PIIND,523642,INE603J01030
43,KPR Mill,39281.26,815.11,805.35,814.1,841.84,515.26,6462.26,6126.94,6248.2,4909.7,3568.99,21.45,19.28,866.5,6784.29,KPRMILL,532889,INE930H01031
44,Navin Fluorine ,39273.1,288.58,270.5,375.18,263.07,257.52,2393.11,2120.86,2113.13,1492.58,1258.44,11.69,22.3,663.55,3379.19,NAVINFLUOR,532504,INE048G01026
45,Endurance Tech,38801.83,836.35,680.49,479.58,460.71,519.71,11677.78,10326.49,8849.47,7590.18,6577.73,17.51,13.28,951.71,14719.85,ENDURANCE,540153,INE913H01037
46,Patanjali Foods,38334.07,1300.71,,,,,34289.4,,,,,15.86,5.68,1814.47,40347.78,PATANJALI,500368,INE619A01035
47,ITC Hotels,38160.13,634.57,421.72,,,,3626.11,2236.78,,,,7.73,33.39,816.89,4331.34,ITCHOTELS,544325,INE379A01028
48,Container Corp,37639.16,1288.75,1260.59,1173.87,1055.12,505.14,9333.93,9023.75,8482.52,7899.81,6697.49,13.49,20.67,1241.8,9443.18,CONCOR,531344,INE111A01025
49,L&T Technology ,37306.4,1266.7,1303.7,1169.8,957,663.3,10880.1,9854.6,8221.6,6722.1,5603.4,27.01,17.39,1279.2,11217.1,LTTS,540115,INE010V01017
50,Delhivery,37246.74,162.11,-249.19,-1007.78,-1011,-415.74,9372.01,8594.23,7530.25,7038.43,3838.29,2.63,4.01,152.68,10866.96,DELHIVERY,543529,INE148O01028
51,Cochin Shipyard,37136.49,827.33,783.28,304.71,563.96,608.66,5209.02,4140.64,2571.57,3453.76,3009.72,19,16.85,716.74,5431.69,COCHINSHIP,540678,INE704P01025
52,Astral,36394.04,523.8,546.1,456.6,483.8,404.4,5873.7,5683.5,5185.2,4428.9,3201.4,19,16.1,536.6,6615.9,ASTRAL,532830,INE006I01046
53,Blue Star,36114.18,591.24,414.95,400.46,167.71,100.35,12042.65,9732.78,8008.19,6081.3,4325.94,24.82,7.27,527.68,12463.9,BLUESTARCO,500067,INE472A01039
54,Global Health,36036.89,481.44,478.19,326.08,196.2,28.8,3771.41,3349.78,2759.16,2205.82,1478.16,18.38,23.26,556.46,4508.86,MEDANTA,543654,INE474Q01031
55,United Breweries,35718.48,441.69,410.03,303.98,365.46,113.22,8950.99,8196.42,7549.35,5868.23,4293.34,14.49,9.39,413.17,9285.11,UBL,532478,INE686F01025
56,Exide Industries,35717,795.02,876.68,822.7,4366.93,809.9,17350.65,16859.68,15202.9,12851.29,15367.34,8.56,10.36,854.19,18096.21,EXIDEIND,500086,INE302A01020
57,Bagmane Prime Office REIT,35366.8,809.36,758.7,,,,2237.32,2002.52,,,,29.55,76.36,896.53,2390.88,BAGMANE,544758,INE2OVN25015
58,Kirloskar Oil Engines,35139.77,489.15,441.87,332.4,174.52,194.96,6395.71,5926.96,5051.99,4048.71,3322.59,15.61,18.62,574.32,7771.17,KIRLOSENG,533293,INE146L01010
59,Star Health ,35066.82,645.86,845.01,618.59,-1040.67,-1085.71,16112.98,14026.43,12101.86,10610.09,5050.64,12.21,6.12,556.98,17834.37,STARHEALTH,543412,INE575P01011
60,Nuvama Wealth,35045.53,986.18,625.32,305.09,857.39,-474.98,4169.31,3157.72,2230.39,1783.31,1369.93,57.04,53.16,1041.04,4649.65,NUVAMA,543988,INE531F01023
61,Honeywell Automation,35007.92,523.6,501.4,438.01,339.13,460.04,4371.7,4201,3575.84,3030.66,3126.75,17.17,13.37,525,4860.9,HONAUT,517174,INE671A01010
62,Bandhan Bank,34864.23,2745.3,2229.56,2194.64,125.79,2205.46,24914.83,21034.27,18373.25,16693.94,14633.27,9.55,29.66,1223.56,24423.14,BANDHANBNK,541153,INE545U01014
63,Anand Rathi Wealth,34536.59,299.83,224.97,37.74,50.8,44.61,980.65,751.97,468.7,423.78,279.25,54.39,40.81,395.91,1253.11,ANANDRATHI,543415,INE463V01026
64,Himadri Speciality ,34443.83,555.63,410.77,215.98,40.95,47.48,4664.32,4227.41,4199.82,2798.54,1693.5,21,18.31,751.34,4831.99,HSCL,500184,INE019C01026
65,Hexaware Technologies,34262.73,1176.4,997.6,,,,12049.3,10389.1,,,,26.56,15.19,1369.2,13818.7,HEXT,544362,INE093A01041
66,Dalmia Bharat,34242.05,683,826,1035,1144,1231,14233,15006,13678,11441,10704,5.31,16.91,1139,15026,DALBHARAT,542216,INE00R701025
67,Indian Renewable,34120.92,1698.34,1252.24,,,346.38,6755.69,4965.29,,,2657.74,46.86,92.83,1874,8338.89,IREDA,544026,INE202E01016
68,HFCL,34101.82,177.4,329.81,300.97,313.12,239,4122.28,4565.64,4790.49,4770.02,4459.09,8.61,10.89,311.74,5014.52,HFCL,500183,INE548A01028
69,Emcure Pharma,34036.2,681.33,498.18,532.02,662.2,,7963.26,6715.24,6031.72,5918.86,,20.8,18.51,924.36,9216.2,EMCURE,544210,INE168P01015
70,Tata Investment ,33974.74,312.09,384.96,251.87,214.24,153.97,306.22,385.95,277.72,254,163.26,0.76,86.94,433.68,403.46,TATAINVEST,501301,INE672A01026
71,Krishna Institute,33930.23,384.5,310.15,336.32,332.68,201.22,3067,2511.2,2223.55,1671.08,1340.1,13.01,25.53,241.4,3930.8,KIMS,543308,INE967H01025
72,Aditya Birla Sun Life AMC,33246.83,930.6,780.36,596.38,672.77,526.28,1985.82,1640.58,1353.71,1408.52,1205.84,32.15,49.8,975.07,2059.51,ABSLAMC,543374,INE404A01024
73,UCO Bank,32979.04,2444.99,1653.74,1862.34,929.76,167.03,29473.55,25119.87,20158.98,18082.15,18166.41,6.08,20.48,2767.86,29740.99,UCOBANK,532505,INE691A01018
74,Escorts Kubota,32708.59,1264.94,1049.11,636.78,736.47,871.46,10705.19,9248.21,8709.62,7456.45,7174.8,13.03,10.89,2394.09,12106.62,ESCORTS,500495,INE042A01014
75,Schneider Electric,32592.27,267.89,172.03,123.62,27.62,-1.01,2661.28,2215.98,1789.38,1540.24,1315.65,33.9,14.38,212.56,2908.61,SCHNEIDER,534139,INE839M01018
76,Godfrey Phillips,32467.61,1072.03,883.04,690.47,438.07,376.51,5831.63,4633.84,3730.55,2801.64,2643.93,23.01,20.19,1526.06,6595.9,GODFRYPHLP,500163,INE260B01028
77,Inventurus Knowledge,32302.09,486.06,370.49,305.23,232.97,165.38,2702.99,1857.94,1060.16,784.46,568.77,27.5,28.48,721.55,3210.98,IKS,544309,INE115Q01022
78,National Highways Infra,32151.72,294.2,256.9,68.36,-0.68,,974.63,700.88,149.75,0,,1.95,78.18,325.01,2415.58,NHIT,543385,INE0H7R23014
79,Aegis Vopak Terminals,31454.77,127.23,86.54,-0.08,-1.09,,647.31,570.12,355.99,0,,6.14,70.71,310.47,960.54,AEGISVOPAK,544407,INE0INX01018
80,Angel One,31233.21,1172.08,1125.53,889.95,624.8,296.86,5247.67,4279.79,3021.12,2305.07,1298.98,32.79,37.75,915.1,5152.23,ANGELONE,543235,INE732I01021
81,Tata Technologies,30859.94,676.95,679.37,624.04,436.99,239.17,5292.58,5232.75,4501.93,3578.38,2425.74,23.53,17.65,546.59,5680.12,TATATECH,544028,INE142M01025
82,Wockhardt,30743.52,-47,-463,-559,-244,686.06,3074,2881,2773,3250,2840.57,3.9,12.78,213,3484,WOCKPHARMA,532300,INE049B01025
83,Crisil,30714.6,684.07,658.44,564.39,465.81,354.73,3349.42,3233.16,2891.19,2377.71,2064.98,32.64,27.19,766.01,3755.55,CRISIL,500092,INE007A01025
84,LIC Housing Finance,30355.23,5442.23,4759.56,2890.77,2285.65,2740.72,28110.7,27277.8,22728.21,20005.31,19880.22,71.54,94.28,5603.67,28843.49,LICHSGFIN,500253,INE115A01026
85,Garden Reach Shipbuilders,30152.38,527.4,357.27,228.12,189.53,153.47,5410.53,3892.26,2762.98,1918.17,1328.43,32.36,7.79,747.93,7276.54,GRSE,542011,INE382Z01011
86,Central Depository ,30064.65,526.64,419.11,275.94,311.18,200.34,1199.28,907.3,620.94,605.9,400.63,37.51,52.05,456.13,1238.5,CDSL,,INE736A01011
87,Cholamandalam Fin,30038.77,2173.66,1772.52,1290.23,1023.07,824.64,33459.92,26086.76,18376.03,14734.98,13904.9,55.29,56.35,2441.29,39575.77,CHOLAHLDNG,504973,INE149A01033
88,Mindspace REIT,30016.91,476.28,525,283.6,423.8,307.5,2675.63,2476.9,2304.1,1769.6,1156.5,6.39,72.99,651.86,3293.09,MINDSPACE,543217,INE0CCU25019
89,NIACL,29664,1036.63,1116.48,1048,194.57,1640.47,43634.01,43690.98,41072.51,35915.52,33095.49,2.43,2.37,1412.26,50649.75,NIACL,540769,INE470Y01017
90,Central Bank,29598.08,3934.21,2667.68,1678.78,1075.79,-1000.11,39667.95,35561.98,29741.59,25870.83,25991.84,5.93,20.61,4523.79,42583.14,CENTRALBK,532885,INE483A01010
91,Karur Vysya Bank,29444.04,1941.64,1604.81,1106.09,673.27,359.39,11507.59,9862.63,7675.49,6356.73,6527.07,7.49,27.91,2510.33,13158.67,KARURVYSYA,590003,INE036D01028
92,Cupid,29391.59,40.89,39.85,,,,203.18,178.3,,,,16.23,20.54,108.23,391.4,CUPID,530843,INE509F01029
93,Acutaas Chemicals,29236.99,158.71,42.77,83.29,71.95,54,1023.8,724.97,621.05,522.9,341.99,16.5,22.67,356.26,1380.95,ACUTAAS,543349,INE00FF01025
94,Dr. Lal Pathlabs,29138.8,487.14,357.74,238.85,344.83,291.62,2554.82,2295.81,2058.6,2139.95,1632.6,27.95,27.23,504.78,2864.18,LALPATHLAB,539524,INE600L01024
95,Shyam Metalics,28905.5,908.1,1034.79,857.6,1724.54,843.36,15368.13,13354.2,12722.19,10453.97,6320.79,11.82,12.14,1070.24,18755.82,SHYAMMETL,543299,INE810G01011
96,PNB Housing Finance,28782.15,1936.14,1508.01,1046,836.48,929.9,7691.63,7057.09,6529.66,6200.73,7624.08,41.1,91.88,2291.24,8505.04,PNBHOUSING,540173,INE572E01012
97,Metro Brands,28684.77,350.61,412.51,361.45,211.59,68.2,2600.38,2427.52,2181.51,1401.57,878.54,21.2,29.13,411.17,2967.85,METROBRAND,543426,INE317I01021
98,Procter & Gamble Hygiene,28646.57,636.59,678.14,575.75,651.79,433.08,3411.76,3958.48,3925.24,3613.52,3046.1,102.66,25.53,856.5,4332.89,PGHH,500459,INE179A01014
99,TVS Holdings,28399.8,1164.18,800.39,649.65,440.74,323.68,45032.85,40282.02,33690.33,25625.15,20361.68,47.9,15.36,1695.69,58224.5,TVSHLTD,520056,INE105A01035
100,Jubilant Foodworks,28373.34,210.76,399.34,353.2,420.39,231.67,8217.07,5695.97,5208.66,4437.48,3384.95,13.07,19.13,428.48,9586.64,JUBLFOOD,533155,INE797F01020
