S.No,NAME,NO. OF STOCKS,MARKET CAP,MOMENTUM SCORE,RSI > 50,MFI > 50,LTP > SMA20,LTP > SMA50,LTP > SMA200,SMA50 > SMA200,DAY GAINERS%,WEEK GAINERS%
1,Coal & Mining,15,"5,44,793.09",51.93,27.10%,7.40%,28.20%,27.20%,92.20%,91%,42.20%,83.70%
2,IT Consulting & Software,156,"25,41,596.98",36.03,11.70%,9.30%,10.30%,14.40%,6.80%,6.20%,96.70%,49%
3,Industrial Machinery,104,"5,65,557.64",64.84,94.40%,95.80%,94.30%,94.10%,86.90%,78.90%,37.70%,95.10%
4,Internet Software & Services,38,"2,73,666.56",42.33,52.50%,42.10%,92.20%,64.60%,36.70%,7.90%,97.50%,98.10%
5,Construction & Engineering,141,"10,20,634.07",60.08,90.20%,93.30%,96.70%,89.50%,84.40%,79.80%,79.30%,96.80%
6,Pharmaceuticals,205,"25,57,290.59",56.93,79.80%,76.30%,76.50%,84.20%,78.30%,77.60%,62.30%,73.40%
7,Specialty Chemicals,112,"5,77,589.78",53.98,87.90%,84%,75.50%,85.80%,71%,41.80%,48.40%,77%
8,Textiles,242,"2,16,690.08",58.19,91.40%,91.70%,91%,91.20%,79.10%,61.80%,42.20%,89.70%
9,Exploration & Production,9,"4,02,121.07",44.21,0%,1.10%,0.70%,1.70%,1.70%,96.10%,83.10%,77.20%
10,Heavy Electrical Equipment,50,"10,95,165.01",65.51,99.50%,78%,97.40%,97.20%,94.30%,93.30%,29.80%,99.70%
11,Cement & Cement Products,42,"9,61,863.78",46.3,74.90%,32.80%,80.10%,40%,24.70%,22.70%,78.60%,97.70%
12,Commercial Vehicles,14,"3,59,224.89",43.48,80.60%,60%,93%,60%,12.90%,2.60%,100%,95.80%
13,Commodity Trading  & Distribution,190,"4,95,063.41",59.09,94.30%,96.50%,96.60%,96.90%,94.60%,88.20%,92.30%,96.80%
14,Marine Port & Services,11,"5,38,219.08",55.73,91.30%,98.50%,99.90%,92.80%,91.30%,74.50%,14.70%,100%
15,Power - Electric Utilities,49,"17,66,353.93",57.2,60.10%,40.60%,66.10%,46.70%,95.30%,94.30%,83.70%,98%
16,Packaged Foods,59,"5,32,851.97",46.89,69.90%,66.40%,98.60%,68.40%,58.80%,57%,94.60%,95.40%
17,Other Industrial Goods,19,"21,772.69",55.33,52.20%,50.40%,54.30%,54.40%,93.30%,87.30%,45.90%,96.80%
18,Hotels,65,"2,66,055.8",48.53,97.40%,95.50%,98.20%,97.60%,51.90%,10.10%,97.50%,98.70%
19,Oil Marketing & Distribution,15,"3,15,646.41",52.64,99.90%,86.30%,99.20%,99.90%,27.20%,13.50%,84.80%,99.30%
20,Petrochemicals,12,"26,628.78",60.57,94.70%,96%,97.80%,92.30%,91.30%,86.80%,96.20%,72%
21,Other Agricultural Products,58,"62,682.03",47.07,40.40%,62.30%,67.20%,48.80%,34%,42.50%,93%,90.60%
22,Castings & Forgings,24,"1,84,663.1",64.4,96.10%,96%,96.90%,95.60%,96.50%,96.40%,98.50%,99.70%
23,Jute & Jute Products,4,"1,928.98",58.46,65.70%,100%,81.10%,65.70%,100%,93.60%,74.80%,100%
24,Realty,164,"7,16,134.64",51.78,89.70%,68.20%,90.50%,89.20%,34.80%,23.40%,82.10%,95.10%
25,Telecom Cables,6,"70,115.21",74.38,94.20%,99.90%,94.30%,99.90%,94.20%,94.20%,99.10%,94.30%
26,Paints,8,"3,64,254.34",53.51,94.60%,97.90%,94.60%,99.30%,94.40%,71.40%,6.70%,23.20%
27,Auto Parts & Equipment,136,"10,26,326.08",55.19,88.80%,83.40%,92.40%,87.80%,74.90%,61.50%,68%,91.30%
28,Warehousing & Logistics,56,"1,24,321.23",45.33,93.70%,64.40%,97.60%,52.20%,39.90%,35.60%,85.70%,97.80%
29,BPO/KPO,14,"40,064.81",37.95,19%,15.90%,15.90%,62.40%,13.90%,4.80%,92%,54%
30,Capital Markets,40,"6,24,237.87",57.16,85.50%,60%,61.90%,66.90%,73.10%,55.40%,39.70%,53.40%
31,Biotechnology,10,"89,240.18",56.04,99.80%,99.70%,24.20%,99.80%,99.70%,84%,96.20%,5%
32,Oil Equipment & Services,8,"7,216.50",52.69,25.50%,74.40%,31.50%,74.40%,70.30%,90.60%,100%,55.20%
33,Containers & Packaging,67,"61,152.69",60.62,89.70%,89.70%,85%,86%,82.40%,64.60%,67.70%,90.60%
34,Commodity Chemicals,64,"1,59,266.44",52.4,54.70%,89.50%,54.20%,52.10%,57.50%,67.50%,38.90%,59.80%
35,Diversified,10,"63,981.14",55.76,74%,68.10%,93.80%,74%,66.80%,65.80%,91.50%,99.80%
36,Iron & Steel/Interm.Products,80,"10,63,294.02",53.25,46.70%,46.20%,50.30%,45.20%,91.30%,91.50%,85.90%,45.50%
37,Other Electrical Equipment/Products,70,"4,99,010.1",54.29,76.90%,76.50%,96.40%,59.80%,50.50%,55.90%,45.20%,91.20%
38,Auto Tyres & Rubber Products,30,"1,67,251.33",45.02,98.90%,72.40%,99%,98.80%,5.70%,3.70%,97.50%,99.30%
39,Iron & Steel Products,82,"1,90,405.36",53.42,82.10%,81.50%,78.80%,58.80%,60.10%,79.70%,64.90%,80.90%
40,Healthcare Facilities,34,"5,31,293.29",55.26,88.80%,84.70%,89.90%,99.20%,90%,63.60%,33.60%,46.10%
41,IT Training Services,7,"5,178.10",57.68,96.20%,96.70%,87.40%,96.70%,96.70%,56.90%,31.70%,86.20%
42,Forest Products,15,"30,276.94",48.9,89.10%,96.80%,89.50%,33.10%,32.60%,20%,79.50%,89.80%
43,Specialty Retail,28,"48,921.14",44.99,33.40%,72.10%,67.80%,47.20%,28%,17.20%,96.10%,93.90%
44,Agrochemicals,35,"1,81,701.89",37.67,9.40%,43.70%,36.70%,10.10%,7.40%,9.80%,73.40%,42.30%
45,Construction Materials,26,"16,556.85",40.43,76.60%,64.30%,81.60%,46.80%,28.80%,25.80%,43.80%,95.60%
46,Dyes & Pigments,15,"16,377.91",45.4,76.10%,87.30%,43.30%,86.10%,25.40%,15.60%,46.50%,88.80%
47,Roads & Highways,16,"53,954.98",47.11,97.10%,97.30%,97.10%,97.50%,49.10%,49%,99.60%,97.10%
48,Ceramics,10,"26,262.63",59.12,92.70%,97.70%,91.30%,92%,90.80%,91%,10%,92.10%
49,Plastic Products,86,"1,54,534.59",50.13,59.10%,53.80%,84.90%,61.60%,46.90%,43.50%,78.10%,89.30%
50,Aerospace & Defence,29,"9,59,145.88",55.14,99.90%,98.40%,100%,99.10%,83.50%,52.20%,89.70%,99.10%
51,Edible Oils,32,"91,995.52",38.31,9.10%,10.50%,8.20%,9.10%,16.40%,16.10%,32.10%,7.80%
52,2/3 Wheelers,14,"8,17,821.03",51.32,53.10%,65.10%,60.80%,67.70%,67.50%,65.10%,95.50%,93%
53,IT Software Products,44,"73,048.97",51.86,83.40%,93.40%,89.70%,84.20%,59.20%,57%,95.70%,48.40%
54,Other Food & Beverages,61,"2,27,671.03",55.83,85.90%,92.90%,8.60%,85.70%,86.40%,91.30%,15.50%,5.50%
55,Banks,32,"54,57,811.89",53.15,100%,99.90%,100%,95%,61.50%,39.60%,87.10%,92.20%
56,Broadcasting & Cable TV,27,"47,213.15",47.61,48.40%,50.20%,95.60%,47.80%,32.40%,1%,91%,97.60%
57,Personal Products,27,"9,87,570.81",41.69,72.40%,67.10%,62.50%,15.70%,15.40%,15.40%,86.40%,65.30%
58,Household Appliances,16,"64,689.35",49.13,90.50%,70.70%,99%,69.70%,43.90%,40.30%,64.30%,96.70%
59,Holding Companies,15,"6,13,678.47",47.32,97.70%,48.40%,100%,44.10%,17.30%,16.60%,43.50%,99.90%
60,Sugar,39,"58,115.05",51.78,37.60%,73.20%,59.50%,54.50%,55.90%,58.50%,67.90%,47.60%
61,Finance (including NBFCs),269,"20,12,572.25",50.29,90.40%,90.70%,92.40%,87.30%,61.20%,19.80%,70.20%,98.70%
62,Other Apparels & Accessories,60,"2,09,159.88",49.6,95.50%,93.60%,96.30%,93.80%,37.90%,34.80%,61.10%,96.80%
63,Misc. Commercial Services,76,"76,393.61",47.75,43.60%,64.10%,43.40%,63.40%,54.50%,48.20%,78.80%,41.80%
64,Footwear,17,"64,104.45",43.95,88.40%,87.90%,76.60%,43.80%,13.50%,12.60%,29.40%,88.50%
65,Copper,9,"52,255.63",48.86,4%,3.90%,4.50%,2.80%,98.80%,99.60%,4%,99.20%
66,Telecom Services,7,"13,53,184.14",50.1,100%,100%,100%,100%,11.90%,11.90%,88.10%,99.40%
67,Advertising & Media,23,"7,017.78",44.08,14.80%,36.10%,38.30%,39%,45.90%,46.10%,65.10%,47.80%
68,Other Financial Services,133,"1,99,246.68",49.41,90.90%,91%,92.20%,88.80%,39.70%,22.80%,75.40%,92%
69,Consumer Electronics,24,"3,51,652.94",47.85,93.70%,84.90%,98.90%,82.10%,14.50%,9.20%,37.60%,100%
70,Refineries/Petro-Products,10,"20,93,260.62",42.33,11.40%,9.50%,97.90%,12.20%,1.20%,2.50%,99.70%,97.90%
71,Housing Finance,20,"2,35,562.77",52.5,88.60%,99.70%,99.90%,96.20%,58.70%,34%,71.10%,77.80%
72,Abrasives & Bearings,9,"1,65,898.53",62.53,100%,95.10%,100%,95.10%,87%,86.10%,30.30%,100%
73,Education,27,"52,755.09",44.37,90.80%,98.80%,90.10%,86%,13.60%,12.30%,92.30%,92.20%
74,Tea & Coffee,21,"1,30,503.12",46.79,14.60%,14.70%,14.90%,15.30%,15.40%,99.10%,14%,99.10%
75,Aluminium and Aluminium Products,24,"6,11,015.7",31.61,0.70%,1%,0.80%,0.60%,49.60%,49.70%,99.30%,43.10%
76,Electronic Components,28,"40,731.24",61.72,89.90%,67.40%,86%,90%,86.90%,83.90%,61.40%,64.70%
77,Paper & Paper Products,43,"38,248.09",42.83,59.60%,58.60%,68.90%,17.80%,18.10%,39.70%,55.80%,76.90%
78,Computer Hardware,18,"10,128.61",59.98,85.90%,84.80%,84.30%,76.80%,70.40%,68.60%,86.70%,85.20%
79,Fertilizers,30,"1,95,908.2",53.01,64.80%,99.30%,99.30%,94.80%,53.10%,39.30%,66.80%,96.90%
80,Movies & Entertainment,44,"51,113.06",47.27,37.90%,59.80%,21.30%,38.10%,37.70%,53.60%,59.80%,57.60%
81,Wires & Cables,19,"2,69,437.75",68.61,99.60%,99.50%,99.60%,99.60%,98.40%,97%,42.10%,99.80%
82,Publishing,17,"14,989.02",40.27,39.90%,44.50%,40.60%,34.20%,6.60%,1.10%,38.50%,56.60%
83,Other Industrial Products,62,"2,58,255.17",61.59,95.50%,98%,98.70%,97.90%,95.70%,81.60%,77%,87.70%
84,Other Leisure Facilities,4,"7,833.34",40.6,38.30%,4.50%,77.30%,38.30%,0%,0%,95.50%,95.50%
85,Electrodes & Refractories,11,"50,094.44",49.13,19.70%,54.60%,54.20%,19.70%,41.20%,61.80%,74.60%,75.20%
86,IT Networking Equipment,6,"47,105.32",69.32,99.20%,100%,99.20%,99.20%,100%,95.40%,5.80%,99.20%
87,Shipping,13,"63,334.44",60.92,61.60%,94.40%,62%,61.10%,98.20%,98.20%,80.20%,94.30%
88,Compressors & Pumps,11,"98,545.18",59.95,99.90%,98.90%,99.90%,99.90%,83.80%,65.60%,96.90%,99.90%
89,Consulting Services,34,"34,435.93",44.12,96.10%,96.10%,96.90%,96%,43.40%,44.10%,97.80%,98%
90,Household Products,10,"8,220.17",60.95,90.80%,75.80%,91.30%,97.20%,91.40%,59.10%,20%,97.20%
91,Department Stores,15,"5,42,460.51",53.32,87.70%,88.20%,98.10%,98.10%,87.40%,54.60%,66.70%,98.80%
92,Utilities:Non-Electrical,19,"2,95,240.25",55.68,99.50%,72.30%,87.60%,97.70%,79.20%,33.70%,87.90%,87.60%
93,Healthcare Services,36,"1,43,038.57",55.96,93.50%,89.80%,88.40%,93.50%,86.20%,74%,82.50%,83.60%
94,Airlines,5,"1,98,100.17",50.7,99.10%,99.30%,99.90%,99.10%,98.60%,0.50%,100%,100%
95,Breweries & Distilleries,19,"2,24,358.91",50.82,82.30%,98.10%,98.70%,79.50%,30.60%,30.60%,81.50%,75.20%
96,Cigarettes-Tobacco Products,5,"4,06,045.36",35.73,99.90%,91.10%,99.90%,9.90%,1.10%,1.10%,9.90%,91.20%
97,Gems & Jewellery,67,"5,12,732.25",60.35,94.10%,96.30%,93.30%,86.70%,83.90%,85.20%,14%,97.30%
98,Other Non-Ferrous Metals,9,"2,69,393.61",47.11,6.50%,11.30%,11.10%,6.50%,95.10%,90.20%,95%,100%
99,Green & Renewable Energy,19,"6,57,442.78",55.95,66.60%,83.30%,84.60%,78.80%,65.90%,77.20%,78.70%,87.50%
100,Other Telecom Services,11,"2,45,850.28",42.26,55.80%,25.30%,55.80%,25%,69%,68.90%,99.40%,55.70%
101,Telecom Equipment,14,"56,979.92",57.35,97.20%,97.10%,95.10%,99.10%,88.80%,35.80%,71.20%,95.20%
102,Financial Institutions,9,"4,82,073.3",49.7,99%,99.70%,99%,99%,64.60%,35.70%,94.30%,94.30%
103,Cars & Utility Vehicles,7,"11,31,050.35",44.86,51.90%,48.30%,88%,63.80%,0%,2.20%,100%,88%
104,Internet & Catalogue Retail,14,"5,95,931.53",46.38,62.10%,87.30%,74%,62.20%,16.90%,14.70%,82.50%,98%
105,Asset Management Cos.,8,"4,14,059.07",50.12,100%,100%,100%,96.90%,54.70%,26.70%,53.80%,100%
106,Photographic Products,4,"1,622.09",47.34,76.10%,76.60%,76.10%,76.10%,29%,29%,76.60%,76.10%
107,Restaurants,13,"83,878.97",45.47,66.40%,66.40%,66.10%,66.10%,32.50%,3.10%,99.10%,99.60%
108,Transport Related Services,13,"28,915.06",57.94,98.60%,96.20%,99.10%,98.60%,53.70%,47.60%,23.50%,87.60%
109,Investment Companies,25,"31,958.11",44.9,70.70%,60.90%,98.90%,64.50%,17.20%,8.40%,96%,98%
110,Commodity Printing/Stationery,10,"18,964.79",49.07,81.50%,9%,83.30%,9%,0.80%,16.50%,99.50%,24.40%
111,Houseware,8,"27,560.60",45.54,99.90%,99.80%,99.90%,58.30%,30.50%,0.10%,30.80%,99.90%
112,Industrial Gases,7,"72,185.79",56.31,99.90%,99.90%,99.90%,99.90%,94.30%,87.70%,12.20%,99.90%
113,Life Insurance,6,"10,12,893.37",47.04,74.70%,69.30%,100%,62%,60.70%,0%,45.10%,100%
114,Surface Transportation,12,"8,067.73",46.3,95.10%,93.40%,95.10%,93.80%,3.50%,1%,5%,98.20%
115,Healthcare Supplies,11,"29,692.75",45.69,62.60%,96.60%,54%,58.20%,33.90%,33.90%,59.60%,59.20%
116,Furniture-Furnishing,23,"30,492.78",47.96,91.70%,95.50%,95.50%,80.50%,69.30%,5.10%,97.50%,92.80%
117,Distributors,15,"1,356.50",47.22,70.50%,64.80%,71.30%,75.20%,40%,37.80%,83.50%,93.30%
118,Travel Support Services,14,"88,338.14",42.26,51.60%,86.90%,99.10%,39.10%,21.50%,3.70%,78.40%,96.40%
119,Fibres & Plastics,5,"1,135.90",54.26,91.30%,92.90%,99.20%,85.10%,85.10%,85.10%,39.50%,99.20%
120,Special Consumer Services,15,"42,964.69",44.24,93.60%,93.10%,93.20%,92.90%,1.90%,1.40%,64.30%,73.30%
121,Microfinance Institutions,15,"1,44,582.07",63.41,96.60%,96.60%,96.60%,98%,97.20%,95.80%,31.70%,96.60%
122,Data Processing Services,5,"27,102.94",54.67,76.70%,100%,76.70%,77%,76.70%,76.10%,99.10%,77%
123,Waste Management,10,"6,144.61",43.91,77.10%,78.50%,78.90%,77.10%,0%,0%,99.70%,95.50%
124,REITs-InvITs,20,"3,54,568.22",40.23,55%,62.70%,61.30%,49.80%,29.70%,41.10%,48.30%,49.50%
125,General Insurance,6,"2,73,526.72",51.16,76.30%,76.30%,76.30%,76.30%,31.30%,42.10%,94.20%,76.30%
126,Medical Equipment,9,"3,559.86",52.57,90.20%,72.60%,60.40%,77.20%,73.70%,28.20%,62%,76.20%
